year_month,usd_jpy_avg,usd_jpy_eom,trading_days,Country,visitors
2015-01-01,118.28,117.72,21,South Korea,358093.0
2015-01-01,118.28,117.72,21,China,226214.0
2015-01-01,118.28,117.72,21,Taiwan,217035.0
2015-01-01,118.28,117.72,21,Hong Kong,87742.0
2015-01-01,118.28,117.72,21,Thailand,44770.0
2015-01-01,118.28,117.72,21,Singapore,11813.0
2015-01-01,118.28,117.72,21,Malaysia,12312.0
2015-01-01,118.28,117.72,21,Indonesia,9683.0
2015-01-01,118.28,117.72,21,Philippines,14428.0
2015-01-01,118.28,117.72,21,Vietnam,12266.0
2015-01-01,118.28,117.72,21,India,7771.0
2015-01-01,118.28,117.72,21,Israel,671.0
2015-01-01,118.28,117.72,21,Turkey,924.0
2015-01-01,118.28,117.72,21,United Kingdom,15030.0
2015-01-01,118.28,117.72,21,France,10035.0
2015-01-01,118.28,117.72,21,Germany,8325.0
2015-01-01,118.28,117.72,21,Italy,4168.0
2015-01-01,118.28,117.72,21,Russia,4024.0
2015-01-01,118.28,117.72,21,Spain,2501.0
2015-01-01,118.28,117.72,21,Sweden,2948.0
2015-01-01,118.28,117.72,21,Netherlands,2145.0
2015-01-01,118.28,117.72,21,Switzerland,1677.0
2015-01-01,118.28,117.72,21,Belgium,1046.0
2015-01-01,118.28,117.72,21,Finland,1501.0
2015-01-01,118.28,117.72,21,Poland,801.0
2015-01-01,118.28,117.72,21,Denmark,1196.0
2015-01-01,118.28,117.72,21,Norway,1114.0
2015-01-01,118.28,117.72,21,Austria,1024.0
2015-01-01,118.28,117.72,21,Portugal,777.0
2015-01-01,118.28,117.72,21,Ireland,936.0
2015-01-01,118.28,117.72,21,Africa,1801.0
2015-01-01,118.28,117.72,21,United States,62081.0
2015-01-01,118.28,117.72,21,Canada,14250.0
2015-01-01,118.28,117.72,21,Mexico,1694.0
2015-01-01,118.28,117.72,21,Brazil,2303.0
2015-01-01,118.28,117.72,21,Australia,48583.0
2015-01-01,118.28,117.72,21,New Zealand,3932.0
2015-01-01,118.28,117.72,21,Stateless,53.0
2015-02-01,118.672,119.26,20,South Korea,321576.0
2015-02-01,118.672,119.26,20,China,359080.0
2015-02-01,118.672,119.26,20,Taiwan,277626.0
2015-02-01,118.672,119.26,20,Hong Kong,109384.0
2015-02-01,118.672,119.26,20,Thailand,44038.0
2015-02-01,118.672,119.26,20,Singapore,16293.0
2015-02-01,118.672,119.26,20,Malaysia,19269.0
2015-02-01,118.672,119.26,20,Indonesia,8094.0
2015-02-01,118.672,119.26,20,Philippines,14190.0
2015-02-01,118.672,119.26,20,Vietnam,9489.0
2015-02-01,118.672,119.26,20,India,5982.0
2015-02-01,118.672,119.26,20,Israel,722.0
2015-02-01,118.672,119.26,20,Turkey,955.0
2015-02-01,118.672,119.26,20,United Kingdom,17770.0
2015-02-01,118.672,119.26,20,France,11951.0
2015-02-01,118.672,119.26,20,Germany,9815.0
2015-02-01,118.672,119.26,20,Italy,4680.0
2015-02-01,118.672,119.26,20,Russia,2781.0
2015-02-01,118.672,119.26,20,Spain,2806.0
2015-02-01,118.672,119.26,20,Sweden,2662.0
2015-02-01,118.672,119.26,20,Netherlands,2478.0
2015-02-01,118.672,119.26,20,Switzerland,1849.0
2015-02-01,118.672,119.26,20,Belgium,1435.0
2015-02-01,118.672,119.26,20,Finland,1401.0
2015-02-01,118.672,119.26,20,Poland,1080.0
2015-02-01,118.672,119.26,20,Denmark,1224.0
2015-02-01,118.672,119.26,20,Norway,1112.0
2015-02-01,118.672,119.26,20,Austria,1100.0
2015-02-01,118.672,119.26,20,Portugal,1004.0
2015-02-01,118.672,119.26,20,Ireland,930.0
2015-02-01,118.672,119.26,20,Africa,1746.0
2015-02-01,118.672,119.26,20,United States,59157.0
2015-02-01,118.672,119.26,20,Canada,16304.0
2015-02-01,118.672,119.26,20,Mexico,1678.0
2015-02-01,118.672,119.26,20,Brazil,1709.0
2015-02-01,118.672,119.26,20,Australia,30303.0
2015-02-01,118.672,119.26,20,New Zealand,3474.0
2015-02-01,118.672,119.26,20,Stateless,61.0
2015-03-01,120.34,119.85,22,South Korea,268156.0
2015-03-01,120.34,119.85,22,China,338121.0
2015-03-01,120.34,119.85,22,Taiwan,277934.0
2015-03-01,120.34,119.85,22,Hong Kong,117223.0
2015-03-01,120.34,119.85,22,Thailand,92438.0
2015-03-01,120.34,119.85,22,Singapore,23147.0
2015-03-01,120.34,119.85,22,Malaysia,28193.0
2015-03-01,120.34,119.85,22,Indonesia,19542.0
2015-03-01,120.34,119.85,22,Philippines,26786.0
2015-03-01,120.34,119.85,22,Vietnam,18736.0
2015-03-01,120.34,119.85,22,India,8228.0
2015-03-01,120.34,119.85,22,Israel,3068.0
2015-03-01,120.34,119.85,22,Turkey,1866.0
2015-03-01,120.34,119.85,22,United Kingdom,25205.0
2015-03-01,120.34,119.85,22,France,18090.0
2015-03-01,120.34,119.85,22,Germany,18374.0
2015-03-01,120.34,119.85,22,Italy,8869.0
2015-03-01,120.34,119.85,22,Russia,5503.0
2015-03-01,120.34,119.85,22,Spain,6330.0
2015-03-01,120.34,119.85,22,Sweden,5146.0
2015-03-01,120.34,119.85,22,Netherlands,4230.0
2015-03-01,120.34,119.85,22,Switzerland,3773.0
2015-03-01,120.34,119.85,22,Belgium,1982.0
2015-03-01,120.34,119.85,22,Finland,2323.0
2015-03-01,120.34,119.85,22,Poland,1775.0
2015-03-01,120.34,119.85,22,Denmark,2578.0
2015-03-01,120.34,119.85,22,Norway,2636.0
2015-03-01,120.34,119.85,22,Austria,1908.0
2015-03-01,120.34,119.85,22,Portugal,1516.0
2015-03-01,120.34,119.85,22,Ireland,1399.0
2015-03-01,120.34,119.85,22,Africa,3273.0
2015-03-01,120.34,119.85,22,United States,95609.0
2015-03-01,120.34,119.85,22,Canada,21638.0
2015-03-01,120.34,119.85,22,Mexico,3561.0
2015-03-01,120.34,119.85,22,Brazil,3423.0
2015-03-01,120.34,119.85,22,Australia,29178.0
2015-03-01,120.34,119.85,22,New Zealand,3558.0
2015-03-01,120.34,119.85,22,Stateless,103.0
2015-04-01,119.617,118.82,20,South Korea,304619.0
2015-04-01,119.617,118.82,20,China,405731.0
2015-04-01,119.617,118.82,20,Taiwan,335140.0
2015-04-01,119.617,118.82,20,Hong Kong,119602.0
2015-04-01,119.617,118.82,20,Thailand,117930.0
2015-04-01,119.617,118.82,20,Singapore,24833.0
2015-04-01,119.617,118.82,20,Malaysia,29556.0
2015-04-01,119.617,118.82,20,Indonesia,23364.0
2015-04-01,119.617,118.82,20,Philippines,36673.0
2015-04-01,119.617,118.82,20,Vietnam,28510.0
2015-04-01,119.617,118.82,20,India,9204.0
2015-04-01,119.617,118.82,20,Israel,4469.0
2015-04-01,119.617,118.82,20,Turkey,1822.0
2015-04-01,119.617,118.82,20,United Kingdom,27049.0
2015-04-01,119.617,118.82,20,France,27146.0
2015-04-01,119.617,118.82,20,Germany,15661.0
2015-04-01,119.617,118.82,20,Italy,10402.0
2015-04-01,119.617,118.82,20,Russia,5207.0
2015-04-01,119.617,118.82,20,Spain,5469.0
2015-04-01,119.617,118.82,20,Sweden,5230.0
2015-04-01,119.617,118.82,20,Netherlands,5037.0
2015-04-01,119.617,118.82,20,Switzerland,5476.0
2015-04-01,119.617,118.82,20,Belgium,2582.0
2015-04-01,119.617,118.82,20,Finland,2370.0
2015-04-01,119.617,118.82,20,Poland,2805.0
2015-04-01,119.617,118.82,20,Denmark,1934.0
2015-04-01,119.617,118.82,20,Norway,1448.0
2015-04-01,119.617,118.82,20,Austria,1726.0
2015-04-01,119.617,118.82,20,Portugal,1571.0
2015-04-01,119.617,118.82,20,Ireland,1372.0
2015-04-01,119.617,118.82,20,Africa,2689.0
2015-04-01,119.617,118.82,20,United States,95891.0
2015-04-01,119.617,118.82,20,Canada,21868.0
2015-04-01,119.617,118.82,20,Mexico,2931.0
2015-04-01,119.617,118.82,20,Brazil,4467.0
2015-04-01,119.617,118.82,20,Australia,34060.0
2015-04-01,119.617,118.82,20,New Zealand,4545.0
2015-04-01,119.617,118.82,20,Stateless,80.0
2015-05-01,120.874,123.93,20,South Korea,315389.0
2015-05-01,120.874,123.93,20,China,387170.0
2015-05-01,120.874,123.93,20,Taiwan,339677.0
2015-05-01,120.874,123.93,20,Hong Kong,120626.0
2015-05-01,120.874,123.93,20,Thailand,81015.0
2015-05-01,120.874,123.93,20,Singapore,24593.0
2015-05-01,120.874,123.93,20,Malaysia,25797.0
2015-05-01,120.874,123.93,20,Indonesia,18859.0
2015-05-01,120.874,123.93,20,Philippines,27847.0
2015-05-01,120.874,123.93,20,Vietnam,12319.0
2015-05-01,120.874,123.93,20,India,11328.0
2015-05-01,120.874,123.93,20,Israel,1693.0
2015-05-01,120.874,123.93,20,Turkey,1617.0
2015-05-01,120.874,123.93,20,United Kingdom,19882.0
2015-05-01,120.874,123.93,20,France,20324.0
2015-05-01,120.874,123.93,20,Germany,14340.0
2015-05-01,120.874,123.93,20,Italy,7873.0
2015-05-01,120.874,123.93,20,Russia,4275.0
2015-05-01,120.874,123.93,20,Spain,5578.0
2015-05-01,120.874,123.93,20,Sweden,3424.0
2015-05-01,120.874,123.93,20,Netherlands,4269.0
2015-05-01,120.874,123.93,20,Switzerland,3402.0
2015-05-01,120.874,123.93,20,Belgium,2083.0
2015-05-01,120.874,123.93,20,Finland,1739.0
2015-05-01,120.874,123.93,20,Poland,2434.0
2015-05-01,120.874,123.93,20,Denmark,1565.0
2015-05-01,120.874,123.93,20,Norway,1042.0
2015-05-01,120.874,123.93,20,Austria,1480.0
2015-05-01,120.874,123.93,20,Portugal,1429.0
2015-05-01,120.874,123.93,20,Ireland,1097.0
2015-05-01,120.874,123.93,20,Africa,2567.0
2015-05-01,120.874,123.93,20,United States,92184.0
2015-05-01,120.874,123.93,20,Canada,20708.0
2015-05-01,120.874,123.93,20,Mexico,3229.0
2015-05-01,120.874,123.93,20,Brazil,2804.0
2015-05-01,120.874,123.93,20,Australia,24827.0
2015-05-01,120.874,123.93,20,New Zealand,4022.0
2015-05-01,120.874,123.93,20,Stateless,63.0
2015-06-01,123.73,122.45,22,South Korea,251504.0
2015-06-01,123.73,122.45,22,China,462248.0
2015-06-01,123.73,122.45,22,Taiwan,345243.0
2015-06-01,123.73,122.45,22,Hong Kong,137014.0
2015-06-01,123.73,122.45,22,Thailand,43390.0
2015-06-01,123.73,122.45,22,Singapore,29167.0
2015-06-01,123.73,122.45,22,Malaysia,18525.0
2015-06-01,123.73,122.45,22,Indonesia,17119.0
2015-06-01,123.73,122.45,22,Philippines,18619.0
2015-06-01,123.73,122.45,22,Vietnam,13043.0
2015-06-01,123.73,122.45,22,India,8588.0
2015-06-01,123.73,122.45,22,Israel,1019.0
2015-06-01,123.73,122.45,22,Turkey,1304.0
2015-06-01,123.73,122.45,22,United Kingdom,16839.0
2015-06-01,123.73,122.45,22,France,13500.0
2015-06-01,123.73,122.45,22,Germany,10537.0
2015-06-01,123.73,122.45,22,Italy,6410.0
2015-06-01,123.73,122.45,22,Russia,3756.0
2015-06-01,123.73,122.45,22,Spain,5269.0
2015-06-01,123.73,122.45,22,Sweden,3685.0
2015-06-01,123.73,122.45,22,Netherlands,3201.0
2015-06-01,123.73,122.45,22,Switzerland,2325.0
2015-06-01,123.73,122.45,22,Belgium,1520.0
2015-06-01,123.73,122.45,22,Finland,1863.0
2015-06-01,123.73,122.45,22,Poland,1866.0
2015-06-01,123.73,122.45,22,Denmark,1530.0
2015-06-01,123.73,122.45,22,Norway,1558.0
2015-06-01,123.73,122.45,22,Austria,1075.0
2015-06-01,123.73,122.45,22,Portugal,1318.0
2015-06-01,123.73,122.45,22,Ireland,1014.0
2015-06-01,123.73,122.45,22,Africa,2093.0
2015-06-01,123.73,122.45,22,United States,102103.0
2015-06-01,123.73,122.45,22,Canada,16725.0
2015-06-01,123.73,122.45,22,Mexico,3356.0
2015-06-01,123.73,122.45,22,Brazil,2152.0
2015-06-01,123.73,122.45,22,Australia,22695.0
2015-06-01,123.73,122.45,22,New Zealand,3820.0
2015-06-01,123.73,122.45,22,Stateless,54.0
2015-07-01,123.397,124.32,23,South Korea,343799.0
2015-07-01,123.397,124.32,23,China,576868.0
2015-07-01,123.397,124.32,23,Taiwan,361683.0
2015-07-01,123.397,124.32,23,Hong Kong,158712.0
2015-07-01,123.397,124.32,23,Thailand,51852.0
2015-07-01,123.397,124.32,23,Singapore,17194.0
2015-07-01,123.397,124.32,23,Malaysia,19954.0
2015-07-01,123.397,124.32,23,Indonesia,25528.0
2015-07-01,123.397,124.32,23,Philippines,16374.0
2015-07-01,123.397,124.32,23,Vietnam,15366.0
2015-07-01,123.397,124.32,23,India,8294.0
2015-07-01,123.397,124.32,23,Israel,1267.0
2015-07-01,123.397,124.32,23,Turkey,1453.0
2015-07-01,123.397,124.32,23,United Kingdom,26340.0
2015-07-01,123.397,124.32,23,France,22304.0
2015-07-01,123.397,124.32,23,Germany,13845.0
2015-07-01,123.397,124.32,23,Italy,9963.0
2015-07-01,123.397,124.32,23,Russia,5041.0
2015-07-01,123.397,124.32,23,Spain,9843.0
2015-07-01,123.397,124.32,23,Sweden,5647.0
2015-07-01,123.397,124.32,23,Netherlands,7219.0
2015-07-01,123.397,124.32,23,Switzerland,5573.0
2015-07-01,123.397,124.32,23,Belgium,3467.0
2015-07-01,123.397,124.32,23,Finland,2565.0
2015-07-01,123.397,124.32,23,Poland,2662.0
2015-07-01,123.397,124.32,23,Denmark,3428.0
2015-07-01,123.397,124.32,23,Norway,3058.0
2015-07-01,123.397,124.32,23,Austria,1911.0
2015-07-01,123.397,124.32,23,Portugal,2160.0
2015-07-01,123.397,124.32,23,Ireland,1543.0
2015-07-01,123.397,124.32,23,Africa,3222.0
2015-07-01,123.397,124.32,23,United States,98201.0
2015-07-01,123.397,124.32,23,Canada,19767.0
2015-07-01,123.397,124.32,23,Mexico,4790.0
2015-07-01,123.397,124.32,23,Brazil,3697.0
2015-07-01,123.397,124.32,23,Australia,25396.0
2015-07-01,123.397,124.32,23,New Zealand,4344.0
2015-07-01,123.397,124.32,23,Stateless,73.0
2015-08-01,123.129,121.33,21,South Korea,390971.0
2015-08-01,123.129,121.33,21,China,591510.0
2015-08-01,123.129,121.33,21,Taiwan,313929.0
2015-08-01,123.129,121.33,21,Hong Kong,141466.0
2015-08-01,123.129,121.33,21,Thailand,31289.0
2015-08-01,123.129,121.33,21,Singapore,12616.0
2015-08-01,123.129,121.33,21,Malaysia,12301.0
2015-08-01,123.129,121.33,21,Indonesia,9777.0
2015-08-01,123.129,121.33,21,Philippines,14794.0
2015-08-01,123.129,121.33,21,Vietnam,13770.0
2015-08-01,123.129,121.33,21,India,8680.0
2015-08-01,123.129,121.33,21,Israel,1125.0
2015-08-01,123.129,121.33,21,Turkey,1414.0
2015-08-01,123.129,121.33,21,United Kingdom,20466.0
2015-08-01,123.129,121.33,21,France,21199.0
2015-08-01,123.129,121.33,21,Germany,13405.0
2015-08-01,123.129,121.33,21,Italy,16658.0
2015-08-01,123.129,121.33,21,Russia,4826.0
2015-08-01,123.129,121.33,21,Spain,13520.0
2015-08-01,123.129,121.33,21,Sweden,2640.0
2015-08-01,123.129,121.33,21,Netherlands,3765.0
2015-08-01,123.129,121.33,21,Switzerland,3024.0
2015-08-01,123.129,121.33,21,Belgium,1910.0
2015-08-01,123.129,121.33,21,Finland,1196.0
2015-08-01,123.129,121.33,21,Poland,2261.0
2015-08-01,123.129,121.33,21,Denmark,1195.0
2015-08-01,123.129,121.33,21,Norway,911.0
2015-08-01,123.129,121.33,21,Austria,1706.0
2015-08-01,123.129,121.33,21,Portugal,2240.0
2015-08-01,123.129,121.33,21,Ireland,1184.0
2015-08-01,123.129,121.33,21,Africa,3328.0
2015-08-01,123.129,121.33,21,United States,76926.0
2015-08-01,123.129,121.33,21,Canada,17758.0
2015-08-01,123.129,121.33,21,Mexico,2826.0
2015-08-01,123.129,121.33,21,Brazil,2072.0
2015-08-01,123.129,121.33,21,Australia,17878.0
2015-08-01,123.129,121.33,21,New Zealand,3740.0
2015-08-01,123.129,121.33,21,Stateless,71.0
2015-09-01,120.176,120.23,22,South Korea,301645.0
2015-09-01,120.176,120.23,22,China,491201.0
2015-09-01,120.176,120.23,22,Taiwan,302897.0
2015-09-01,120.176,120.23,22,Hong Kong,115242.0
2015-09-01,120.176,120.23,22,Thailand,34385.0
2015-09-01,120.176,120.23,22,Singapore,18716.0
2015-09-01,120.176,120.23,22,Malaysia,21307.0
2015-09-01,120.176,120.23,22,Indonesia,12855.0
2015-09-01,120.176,120.23,22,Philippines,15843.0
2015-09-01,120.176,120.23,22,Vietnam,15569.0
2015-09-01,120.176,120.23,22,India,9098.0
2015-09-01,120.176,120.23,22,Israel,3298.0
2015-09-01,120.176,120.23,22,Turkey,1752.0
2015-09-01,120.176,120.23,22,United Kingdom,22699.0
2015-09-01,120.176,120.23,22,France,15276.0
2015-09-01,120.176,120.23,22,Germany,14542.0
2015-09-01,120.176,120.23,22,Italy,8368.0
2015-09-01,120.176,120.23,22,Russia,4216.0
2015-09-01,120.176,120.23,22,Spain,7604.0
2015-09-01,120.176,120.23,22,Sweden,3097.0
2015-09-01,120.176,120.23,22,Netherlands,4138.0
2015-09-01,120.176,120.23,22,Switzerland,3259.0
2015-09-01,120.176,120.23,22,Belgium,2045.0
2015-09-01,120.176,120.23,22,Finland,1478.0
2015-09-01,120.176,120.23,22,Poland,2470.0
2015-09-01,120.176,120.23,22,Denmark,1483.0
2015-09-01,120.176,120.23,22,Norway,1307.0
2015-09-01,120.176,120.23,22,Austria,1613.0
2015-09-01,120.176,120.23,22,Portugal,1449.0
2015-09-01,120.176,120.23,22,Ireland,1241.0
2015-09-01,120.176,120.23,22,Africa,3046.0
2015-09-01,120.176,120.23,22,United States,76279.0
2015-09-01,120.176,120.23,22,Canada,17703.0
2015-09-01,120.176,120.23,22,Mexico,3139.0
2015-09-01,120.176,120.23,22,Brazil,2795.0
2015-09-01,120.176,120.23,22,Australia,34712.0
2015-09-01,120.176,120.23,22,New Zealand,5299.0
2015-09-01,120.176,120.23,22,Stateless,65.0
2015-10-01,120.022,120.61,22,South Korea,370842.0
2015-10-01,120.022,120.61,22,China,445562.0
2015-10-01,120.022,120.61,22,Taiwan,343601.0
2015-10-01,120.022,120.61,22,Hong Kong,129080.0
2015-10-01,120.022,120.61,22,Thailand,86001.0
2015-10-01,120.022,120.61,22,Singapore,25205.0
2015-10-01,120.022,120.61,22,Malaysia,28488.0
2015-10-01,120.022,120.61,22,Indonesia,16753.0
2015-10-01,120.022,120.61,22,Philippines,25685.0
2015-10-01,120.022,120.61,22,Vietnam,21391.0
2015-10-01,120.022,120.61,22,India,9719.0
2015-10-01,120.022,120.61,22,Israel,2118.0
2015-10-01,120.022,120.61,22,Turkey,1515.0
2015-10-01,120.022,120.61,22,United Kingdom,26221.0
2015-10-01,120.022,120.61,22,France,23871.0
2015-10-01,120.022,120.61,22,Germany,18840.0
2015-10-01,120.022,120.61,22,Italy,10192.0
2015-10-01,120.022,120.61,22,Russia,5230.0
2015-10-01,120.022,120.61,22,Spain,8381.0
2015-10-01,120.022,120.61,22,Sweden,5170.0
2015-10-01,120.022,120.61,22,Netherlands,5730.0
2015-10-01,120.022,120.61,22,Switzerland,5025.0
2015-10-01,120.022,120.61,22,Belgium,2865.0
2015-10-01,120.022,120.61,22,Finland,2113.0
2015-10-01,120.022,120.61,22,Poland,3160.0
2015-10-01,120.022,120.61,22,Denmark,2733.0
2015-10-01,120.022,120.61,22,Norway,1808.0
2015-10-01,120.022,120.61,22,Austria,1911.0
2015-10-01,120.022,120.61,22,Portugal,1769.0
2015-10-01,120.022,120.61,22,Ireland,1357.0
2015-10-01,120.022,120.61,22,Africa,3346.0
2015-10-01,120.022,120.61,22,United States,96208.0
2015-10-01,120.022,120.61,22,Canada,21902.0
2015-10-01,120.022,120.61,22,Mexico,3319.0
2015-10-01,120.022,120.61,22,Brazil,3332.0
2015-10-01,120.022,120.61,22,Australia,29621.0
2015-10-01,120.022,120.61,22,New Zealand,4137.0
2015-10-01,120.022,120.61,22,Stateless,64.0
2015-11-01,122.584,123.09,21,South Korea,359845.0
2015-11-01,122.584,123.09,21,China,362950.0
2015-11-01,122.584,123.09,21,Taiwan,296499.0
2015-11-01,122.584,123.09,21,Hong Kong,130776.0
2015-11-01,122.584,123.09,21,Thailand,76145.0
2015-11-01,122.584,123.09,21,Singapore,38205.0
2015-11-01,122.584,123.09,21,Malaysia,39481.0
2015-11-01,122.584,123.09,21,Indonesia,14197.0
2015-11-01,122.584,123.09,21,Philippines,24443.0
2015-11-01,122.584,123.09,21,Vietnam,14592.0
2015-11-01,122.584,123.09,21,India,9507.0
2015-11-01,122.584,123.09,21,Israel,1672.0
2015-11-01,122.584,123.09,21,Turkey,1595.0
2015-11-01,122.584,123.09,21,United Kingdom,21577.0
2015-11-01,122.584,123.09,21,France,16277.0
2015-11-01,122.584,123.09,21,Germany,14723.0
2015-11-01,122.584,123.09,21,Italy,7213.0
2015-11-01,122.584,123.09,21,Russia,5593.0
2015-11-01,122.584,123.09,21,Spain,5014.0
2015-11-01,122.584,123.09,21,Sweden,3937.0
2015-11-01,122.584,123.09,21,Netherlands,4448.0
2015-11-01,122.584,123.09,21,Switzerland,2696.0
2015-11-01,122.584,123.09,21,Belgium,2039.0
2015-11-01,122.584,123.09,21,Finland,2234.0
2015-11-01,122.584,123.09,21,Poland,2063.0
2015-11-01,122.584,123.09,21,Denmark,1709.0
2015-11-01,122.584,123.09,21,Norway,1349.0
2015-11-01,122.584,123.09,21,Austria,1565.0
2015-11-01,122.584,123.09,21,Portugal,1581.0
2015-11-01,122.584,123.09,21,Ireland,1169.0
2015-11-01,122.584,123.09,21,Africa,2681.0
2015-11-01,122.584,123.09,21,United States,88707.0
2015-11-01,122.584,123.09,21,Canada,20797.0
2015-11-01,122.584,123.09,21,Mexico,3115.0
2015-11-01,122.584,123.09,21,Brazil,2485.0
2015-11-01,122.584,123.09,21,Australia,29463.0
2015-11-01,122.584,123.09,21,New Zealand,3542.0
2015-11-01,122.584,123.09,21,Stateless,82.0
2015-12-01,121.692,120.39,22,South Korea,415656.0
2015-12-01,121.692,120.39,22,China,347034.0
2015-12-01,121.692,120.39,22,Taiwan,265811.0
2015-12-01,121.692,120.39,22,Hong Kong,157425.0
2015-12-01,121.692,120.39,22,Thailand,93478.0
2015-12-01,121.692,120.39,22,Singapore,67001.0
2015-12-01,121.692,120.39,22,Malaysia,50264.0
2015-12-01,121.692,120.39,22,Indonesia,29312.0
2015-12-01,121.692,120.39,22,Philippines,32679.0
2015-12-01,121.692,120.39,22,Vietnam,10344.0
2015-12-01,121.692,120.39,22,India,6685.0
2015-12-01,121.692,120.39,22,Israel,806.0
2015-12-01,121.692,120.39,22,Turkey,1057.0
2015-12-01,121.692,120.39,22,United Kingdom,19410.0
2015-12-01,121.692,120.39,22,France,14255.0
2015-12-01,121.692,120.39,22,Germany,10173.0
2015-12-01,121.692,120.39,22,Italy,8402.0
2015-12-01,121.692,120.39,22,Russia,3913.0
2015-12-01,121.692,120.39,22,Spain,4871.0
2015-12-01,121.692,120.39,22,Sweden,3391.0
2015-12-01,121.692,120.39,22,Netherlands,3313.0
2015-12-01,121.692,120.39,22,Switzerland,2319.0
2015-12-01,121.692,120.39,22,Belgium,1380.0
2015-12-01,121.692,120.39,22,Finland,1872.0
2015-12-01,121.692,120.39,22,Poland,919.0
2015-12-01,121.692,120.39,22,Denmark,1142.0
2015-12-01,121.692,120.39,22,Norway,1254.0
2015-12-01,121.692,120.39,22,Austria,1165.0
2015-12-01,121.692,120.39,22,Portugal,1852.0
2015-12-01,121.692,120.39,22,Ireland,1076.0
2015-12-01,121.692,120.39,22,Africa,2126.0
2015-12-01,121.692,120.39,22,United States,89912.0
2015-12-01,121.692,120.39,22,Canada,21970.0
2015-12-01,121.692,120.39,22,Mexico,3170.0
2015-12-01,121.692,120.39,22,Brazil,2778.0
2015-12-01,121.692,120.39,22,Australia,49359.0
2015-12-01,121.692,120.39,22,New Zealand,4989.0
2015-12-01,121.692,120.39,22,Stateless,79.0
2016-01-01,118.166,121.11,20,South Korea,514889.0
2016-01-01,118.166,121.11,20,China,475115.0
2016-01-01,118.166,121.11,20,Taiwan,320963.0
2016-01-01,118.166,121.11,20,Hong Kong,125012.0
2016-01-01,118.166,121.11,20,Thailand,61115.0
2016-01-01,118.166,121.11,20,Singapore,15086.0
2016-01-01,118.166,121.11,20,Malaysia,19843.0
2016-01-01,118.166,121.11,20,Indonesia,13735.0
2016-01-01,118.166,121.11,20,Philippines,18848.0
2016-01-01,118.166,121.11,20,Vietnam,14792.0
2016-01-01,118.166,121.11,20,India,9637.0
2016-01-01,118.166,121.11,20,Macau,6089.0
2016-01-01,118.166,121.11,20,Israel,871.0
2016-01-01,118.166,121.11,20,Mongolia,1802.0
2016-01-01,118.166,121.11,20,Turkey,1192.0
2016-01-01,118.166,121.11,20,The rest of Asia,10540.0
2016-01-01,118.166,121.11,20,United Kingdom,17616.0
2016-01-01,118.166,121.11,20,France,12077.0
2016-01-01,118.166,121.11,20,Germany,9659.0
2016-01-01,118.166,121.11,20,Italy,5149.0
2016-01-01,118.166,121.11,20,Russia,4257.0
2016-01-01,118.166,121.11,20,Spain,3017.0
2016-01-01,118.166,121.11,20,Sweden,3624.0
2016-01-01,118.166,121.11,20,Netherlands,2639.0
2016-01-01,118.166,121.11,20,Switzerland,1916.0
2016-01-01,118.166,121.11,20,Belgium,1387.0
2016-01-01,118.166,121.11,20,Finland,1866.0
2016-01-01,118.166,121.11,20,Poland,1849.0
2016-01-01,118.166,121.11,20,Denmark,1350.0
2016-01-01,118.166,121.11,20,Norway,1350.0
2016-01-01,118.166,121.11,20,Austria,1132.0
2016-01-01,118.166,121.11,20,Portugal,1110.0
2016-01-01,118.166,121.11,20,Ireland,1162.0
2016-01-01,118.166,121.11,20,The rest of Europe,5558.0
2016-01-01,118.166,121.11,20,Africa,2445.0
2016-01-01,118.166,121.11,20,United States,75909.0
2016-01-01,118.166,121.11,20,Canada,17681.0
2016-01-01,118.166,121.11,20,Mexico,2288.0
2016-01-01,118.166,121.11,20,The rest of NA,876.0
2016-01-01,118.166,121.11,20,Brazil,2316.0
2016-01-01,118.166,121.11,20,The rest of SA,2607.0
2016-01-01,118.166,121.11,20,Australia,56075.0
2016-01-01,118.166,121.11,20,New Zealand,5049.0
2016-01-01,118.166,121.11,20,The rest of Oceania,319.0
2016-01-01,118.166,121.11,20,Stateless,83.0
2016-02-01,114.809,113.1,21,South Korea,490845.0
2016-02-01,114.809,113.1,21,China,498903.0
2016-02-01,114.809,113.1,21,Taiwan,348971.0
2016-02-01,114.809,113.1,21,Hong Kong,151836.0
2016-02-01,114.809,113.1,21,Thailand,61315.0
2016-02-01,114.809,113.1,21,Singapore,20354.0
2016-02-01,114.809,113.1,21,Malaysia,29915.0
2016-02-01,114.809,113.1,21,Indonesia,11966.0
2016-02-01,114.809,113.1,21,Philippines,18509.0
2016-02-01,114.809,113.1,21,Vietnam,17599.0
2016-02-01,114.809,113.1,21,India,7155.0
2016-02-01,114.809,113.1,21,Macau,6515.0
2016-02-01,114.809,113.1,21,Israel,782.0
2016-02-01,114.809,113.1,21,Mongolia,1746.0
2016-02-01,114.809,113.1,21,Turkey,1079.0
2016-02-01,114.809,113.1,21,The rest of Asia,8079.0
2016-02-01,114.809,113.1,21,United Kingdom,20057.0
2016-02-01,114.809,113.1,21,France,14502.0
2016-02-01,114.809,113.1,21,Germany,11279.0
2016-02-01,114.809,113.1,21,Italy,5374.0
2016-02-01,114.809,113.1,21,Russia,3202.0
2016-02-01,114.809,113.1,21,Spain,3028.0
2016-02-01,114.809,113.1,21,Sweden,2964.0
2016-02-01,114.809,113.1,21,Netherlands,3094.0
2016-02-01,114.809,113.1,21,Switzerland,2151.0
2016-02-01,114.809,113.1,21,Belgium,1530.0
2016-02-01,114.809,113.1,21,Finland,1903.0
2016-02-01,114.809,113.1,21,Poland,1664.0
2016-02-01,114.809,113.1,21,Denmark,1493.0
2016-02-01,114.809,113.1,21,Norway,1307.0
2016-02-01,114.809,113.1,21,Austria,1421.0
2016-02-01,114.809,113.1,21,Portugal,1127.0
2016-02-01,114.809,113.1,21,Ireland,1151.0
2016-02-01,114.809,113.1,21,The rest of Europe,4439.0
2016-02-01,114.809,113.1,21,Africa,2059.0
2016-02-01,114.809,113.1,21,United States,67616.0
2016-02-01,114.809,113.1,21,Canada,17492.0
2016-02-01,114.809,113.1,21,Mexico,2060.0
2016-02-01,114.809,113.1,21,The rest of NA,542.0
2016-02-01,114.809,113.1,21,Brazil,1577.0
2016-02-01,114.809,113.1,21,The rest of SA,2693.0
2016-02-01,114.809,113.1,21,Australia,35858.0
2016-02-01,114.809,113.1,21,New Zealand,3885.0
2016-02-01,114.809,113.1,21,The rest of Oceania,239.0
2016-02-01,114.809,113.1,21,Stateless,99.0
2016-03-01,112.973,112.34,21,South Korea,374057.0
2016-03-01,112.973,112.34,21,China,498053.0
2016-03-01,112.973,112.34,21,Taiwan,328400.0
2016-03-01,112.973,112.34,21,Hong Kong,160954.0
2016-03-01,112.973,112.34,21,Thailand,99692.0
2016-03-01,112.973,112.34,21,Singapore,32964.0
2016-03-01,112.973,112.34,21,Malaysia,38223.0
2016-03-01,112.973,112.34,21,Indonesia,26828.0
2016-03-01,112.973,112.34,21,Philippines,37525.0
2016-03-01,112.973,112.34,21,Vietnam,23211.0
2016-03-01,112.973,112.34,21,India,9723.0
2016-03-01,112.973,112.34,21,Macau,6774.0
2016-03-01,112.973,112.34,21,Israel,3973.0
2016-03-01,112.973,112.34,21,Mongolia,1956.0
2016-03-01,112.973,112.34,21,Turkey,1595.0
2016-03-01,112.973,112.34,21,The rest of Asia,14119.0
2016-03-01,112.973,112.34,21,United Kingdom,34746.0
2016-03-01,112.973,112.34,21,France,22122.0
2016-03-01,112.973,112.34,21,Germany,21113.0
2016-03-01,112.973,112.34,21,Italy,10687.0
2016-03-01,112.973,112.34,21,Russia,4934.0
2016-03-01,112.973,112.34,21,Spain,8701.0
2016-03-01,112.973,112.34,21,Sweden,6532.0
2016-03-01,112.973,112.34,21,Netherlands,4879.0
2016-03-01,112.973,112.34,21,Switzerland,5167.0
2016-03-01,112.973,112.34,21,Belgium,3355.0
2016-03-01,112.973,112.34,21,Finland,2473.0
2016-03-01,112.973,112.34,21,Poland,2796.0
2016-03-01,112.973,112.34,21,Denmark,3084.0
2016-03-01,112.973,112.34,21,Norway,3265.0
2016-03-01,112.973,112.34,21,Austria,2324.0
2016-03-01,112.973,112.34,21,Portugal,1751.0
2016-03-01,112.973,112.34,21,Ireland,1742.0
2016-03-01,112.973,112.34,21,The rest of Europe,8246.0
2016-03-01,112.973,112.34,21,Africa,2623.0
2016-03-01,112.973,112.34,21,United States,116207.0
2016-03-01,112.973,112.34,21,Canada,26622.0
2016-03-01,112.973,112.34,21,Mexico,4449.0
2016-03-01,112.973,112.34,21,The rest of NA,928.0
2016-03-01,112.973,112.34,21,Brazil,2988.0
2016-03-01,112.973,112.34,21,The rest of SA,3435.0
2016-03-01,112.973,112.34,21,Australia,41763.0
2016-03-01,112.973,112.34,21,New Zealand,4195.0
2016-03-01,112.973,112.34,21,The rest of Oceania,285.0
2016-03-01,112.973,112.34,21,Stateless,91.0
2016-04-01,109.61,107.29,21,South Korea,353660.0
2016-04-01,109.61,107.29,21,China,514866.0
2016-04-01,109.61,107.29,21,Taiwan,384165.0
2016-04-01,109.61,107.29,21,Hong Kong,127245.0
2016-04-01,109.61,107.29,21,Thailand,130992.0
2016-04-01,109.61,107.29,21,Singapore,30576.0
2016-04-01,109.61,107.29,21,Malaysia,38038.0
2016-04-01,109.61,107.29,21,Indonesia,31169.0
2016-04-01,109.61,107.29,21,Philippines,41949.0
2016-04-01,109.61,107.29,21,Vietnam,34134.0
2016-04-01,109.61,107.29,21,India,11583.0
2016-04-01,109.61,107.29,21,Macau,6976.0
2016-04-01,109.61,107.29,21,Israel,5081.0
2016-04-01,109.61,107.29,21,Mongolia,1839.0
2016-04-01,109.61,107.29,21,Turkey,1966.0
2016-04-01,109.61,107.29,21,The rest of Asia,20537.0
2016-04-01,109.61,107.29,21,United Kingdom,28499.0
2016-04-01,109.61,107.29,21,France,33978.0
2016-04-01,109.61,107.29,21,Germany,18048.0
2016-04-01,109.61,107.29,21,Italy,12017.0
2016-04-01,109.61,107.29,21,Russia,5421.0
2016-04-01,109.61,107.29,21,Spain,6422.0
2016-04-01,109.61,107.29,21,Sweden,5047.0
2016-04-01,109.61,107.29,21,Netherlands,7047.0
2016-04-01,109.61,107.29,21,Switzerland,5328.0
2016-04-01,109.61,107.29,21,Belgium,2739.0
2016-04-01,109.61,107.29,21,Finland,2354.0
2016-04-01,109.61,107.29,21,Poland,4245.0
2016-04-01,109.61,107.29,21,Denmark,2090.0
2016-04-01,109.61,107.29,21,Norway,1386.0
2016-04-01,109.61,107.29,21,Austria,2008.0
2016-04-01,109.61,107.29,21,Portugal,1840.0
2016-04-01,109.61,107.29,21,Ireland,1416.0
2016-04-01,109.61,107.29,21,The rest of Europe,9889.0
2016-04-01,109.61,107.29,21,Africa,2566.0
2016-04-01,109.61,107.29,21,United States,114153.0
2016-04-01,109.61,107.29,21,Canada,23079.0
2016-04-01,109.61,107.29,21,Mexico,3182.0
2016-04-01,109.61,107.29,21,The rest of NA,1079.0
2016-04-01,109.61,107.29,21,Brazil,3953.0
2016-04-01,109.61,107.29,21,The rest of SA,3863.0
2016-04-01,109.61,107.29,21,Australia,39658.0
2016-04-01,109.61,107.29,21,New Zealand,5233.0
2016-04-01,109.61,107.29,21,The rest of Oceania,273.0
2016-04-01,109.61,107.29,21,Stateless,108.0
2016-05-01,108.948,111.02,22,South Korea,302088.0
2016-05-01,108.948,111.02,22,China,507095.0
2016-05-01,108.948,111.02,22,Taiwan,375475.0
2016-05-01,108.948,111.02,22,Hong Kong,140046.0
2016-05-01,108.948,111.02,22,Thailand,84919.0
2016-05-01,108.948,111.02,22,Singapore,29250.0
2016-05-01,108.948,111.02,22,Malaysia,36560.0
2016-05-01,108.948,111.02,22,Indonesia,21053.0
2016-05-01,108.948,111.02,22,Philippines,36871.0
2016-05-01,108.948,111.02,22,Vietnam,16377.0
2016-05-01,108.948,111.02,22,India,13643.0
2016-05-01,108.948,111.02,22,Macau,6729.0
2016-05-01,108.948,111.02,22,Israel,2262.0
2016-05-01,108.948,111.02,22,Mongolia,2004.0
2016-05-01,108.948,111.02,22,Turkey,1689.0
2016-05-01,108.948,111.02,22,The rest of Asia,12162.0
2016-05-01,108.948,111.02,22,United Kingdom,24048.0
2016-05-01,108.948,111.02,22,France,23250.0
2016-05-01,108.948,111.02,22,Germany,16646.0
2016-05-01,108.948,111.02,22,Italy,9389.0
2016-05-01,108.948,111.02,22,Russia,4108.0
2016-05-01,108.948,111.02,22,Spain,6196.0
2016-05-01,108.948,111.02,22,Sweden,3424.0
2016-05-01,108.948,111.02,22,Netherlands,5255.0
2016-05-01,108.948,111.02,22,Switzerland,3624.0
2016-05-01,108.948,111.02,22,Belgium,2700.0
2016-05-01,108.948,111.02,22,Finland,2139.0
2016-05-01,108.948,111.02,22,Poland,3214.0
2016-05-01,108.948,111.02,22,Denmark,1886.0
2016-05-01,108.948,111.02,22,Norway,1272.0
2016-05-01,108.948,111.02,22,Austria,2018.0
2016-05-01,108.948,111.02,22,Portugal,1676.0
2016-05-01,108.948,111.02,22,Ireland,1390.0
2016-05-01,108.948,111.02,22,The rest of Europe,8906.0
2016-05-01,108.948,111.02,22,Africa,3125.0
2016-05-01,108.948,111.02,22,United States,111980.0
2016-05-01,108.948,111.02,22,Canada,24092.0
2016-05-01,108.948,111.02,22,Mexico,3408.0
2016-05-01,108.948,111.02,22,The rest of NA,881.0
2016-05-01,108.948,111.02,22,Brazil,2873.0
2016-05-01,108.948,111.02,22,The rest of SA,3564.0
2016-05-01,108.948,111.02,22,Australia,29811.0
2016-05-01,108.948,111.02,22,New Zealand,4102.0
2016-05-01,108.948,111.02,22,The rest of Oceania,268.0
2016-05-01,108.948,111.02,22,Stateless,106.0
2016-06-01,105.478,102.73,22,South Korea,347365.0
2016-06-01,105.478,102.73,22,China,582452.0
2016-06-01,105.478,102.73,22,Taiwan,397840.0
2016-06-01,105.478,102.73,22,Hong Kong,163103.0
2016-06-01,105.478,102.73,22,Thailand,47898.0
2016-06-01,105.478,102.73,22,Singapore,32574.0
2016-06-01,105.478,102.73,22,Malaysia,20879.0
2016-06-01,105.478,102.73,22,Indonesia,22896.0
2016-06-01,105.478,102.73,22,Philippines,27621.0
2016-06-01,105.478,102.73,22,Vietnam,16736.0
2016-06-01,105.478,102.73,22,India,11955.0
2016-06-01,105.478,102.73,22,Macau,8715.0
2016-06-01,105.478,102.73,22,Israel,1291.0
2016-06-01,105.478,102.73,22,Mongolia,1760.0
2016-06-01,105.478,102.73,22,Turkey,1329.0
2016-06-01,105.478,102.73,22,The rest of Asia,10129.0
2016-06-01,105.478,102.73,22,United Kingdom,20315.0
2016-06-01,105.478,102.73,22,France,16659.0
2016-06-01,105.478,102.73,22,Germany,12025.0
2016-06-01,105.478,102.73,22,Italy,8100.0
2016-06-01,105.478,102.73,22,Russia,3545.0
2016-06-01,105.478,102.73,22,Spain,6061.0
2016-06-01,105.478,102.73,22,Sweden,4412.0
2016-06-01,105.478,102.73,22,Netherlands,3652.0
2016-06-01,105.478,102.73,22,Switzerland,2543.0
2016-06-01,105.478,102.73,22,Belgium,1969.0
2016-06-01,105.478,102.73,22,Finland,2000.0
2016-06-01,105.478,102.73,22,Poland,2701.0
2016-06-01,105.478,102.73,22,Denmark,1845.0
2016-06-01,105.478,102.73,22,Norway,1772.0
2016-06-01,105.478,102.73,22,Austria,1214.0
2016-06-01,105.478,102.73,22,Portugal,1622.0
2016-06-01,105.478,102.73,22,Ireland,1236.0
2016-06-01,105.478,102.73,22,The rest of Europe,6861.0
2016-06-01,105.478,102.73,22,Africa,2685.0
2016-06-01,105.478,102.73,22,United States,125353.0
2016-06-01,105.478,102.73,22,Canada,18915.0
2016-06-01,105.478,102.73,22,Mexico,3961.0
2016-06-01,105.478,102.73,22,The rest of NA,985.0
2016-06-01,105.478,102.73,22,Brazil,2774.0
2016-06-01,105.478,102.73,22,The rest of SA,3042.0
2016-06-01,105.478,102.73,22,Australia,30192.0
2016-06-01,105.478,102.73,22,New Zealand,4253.0
2016-06-01,105.478,102.73,22,The rest of Oceania,401.0
2016-06-01,105.478,102.73,22,Stateless,86.0
2016-07-01,104.128,103.33,21,South Korea,447008.0
2016-07-01,104.128,103.33,21,China,731386.0
2016-07-01,104.128,103.33,21,Taiwan,397002.0
2016-07-01,104.128,103.33,21,Hong Kong,184630.0
2016-07-01,104.128,103.33,21,Thailand,61253.0
2016-07-01,104.128,103.33,21,Singapore,17960.0
2016-07-01,104.128,103.33,21,Malaysia,24960.0
2016-07-01,104.128,103.33,21,Indonesia,26692.0
2016-07-01,104.128,103.33,21,Philippines,20306.0
2016-07-01,104.128,103.33,21,Vietnam,18584.0
2016-07-01,104.128,103.33,21,India,9625.0
2016-07-01,104.128,103.33,21,Macau,11105.0
2016-07-01,104.128,103.33,21,Israel,1634.0
2016-07-01,104.128,103.33,21,Mongolia,1551.0
2016-07-01,104.128,103.33,21,Turkey,1785.0
2016-07-01,104.128,103.33,21,The rest of Asia,13603.0
2016-07-01,104.128,103.33,21,United Kingdom,24721.0
2016-07-01,104.128,103.33,21,France,26962.0
2016-07-01,104.128,103.33,21,Germany,14489.0
2016-07-01,104.128,103.33,21,Italy,10867.0
2016-07-01,104.128,103.33,21,Russia,4700.0
2016-07-01,104.128,103.33,21,Spain,11232.0
2016-07-01,104.128,103.33,21,Sweden,4200.0
2016-07-01,104.128,103.33,21,Netherlands,7516.0
2016-07-01,104.128,103.33,21,Switzerland,5452.0
2016-07-01,104.128,103.33,21,Belgium,3806.0
2016-07-01,104.128,103.33,21,Finland,1764.0
2016-07-01,104.128,103.33,21,Poland,2921.0
2016-07-01,104.128,103.33,21,Denmark,2959.0
2016-07-01,104.128,103.33,21,Norway,2189.0
2016-07-01,104.128,103.33,21,Austria,2059.0
2016-07-01,104.128,103.33,21,Portugal,2103.0
2016-07-01,104.128,103.33,21,Ireland,1486.0
2016-07-01,104.128,103.33,21,The rest of Europe,7395.0
2016-07-01,104.128,103.33,21,Africa,3220.0
2016-07-01,104.128,103.33,21,United States,117636.0
2016-07-01,104.128,103.33,21,Canada,22928.0
2016-07-01,104.128,103.33,21,Mexico,4670.0
2016-07-01,104.128,103.33,21,The rest of NA,917.0
2016-07-01,104.128,103.33,21,Brazil,3204.0
2016-07-01,104.128,103.33,21,The rest of SA,3064.0
2016-07-01,104.128,103.33,21,Australia,29133.0
2016-07-01,104.128,103.33,21,New Zealand,5202.0
2016-07-01,104.128,103.33,21,The rest of Oceania,483.0
2016-07-01,104.128,103.33,21,Stateless,89.0
2016-08-01,101.227,103.31,23,South Korea,458927.0
2016-08-01,101.227,103.31,23,China,676966.0
2016-08-01,101.227,103.31,23,Taiwan,333242.0
2016-08-01,101.227,103.31,23,Hong Kong,159340.0
2016-08-01,101.227,103.31,23,Thailand,34660.0
2016-08-01,101.227,103.31,23,Singapore,12069.0
2016-08-01,101.227,103.31,23,Malaysia,15534.0
2016-08-01,101.227,103.31,23,Indonesia,12837.0
2016-08-01,101.227,103.31,23,Philippines,17385.0
2016-08-01,101.227,103.31,23,Vietnam,17206.0
2016-08-01,101.227,103.31,23,India,9336.0
2016-08-01,101.227,103.31,23,Macau,13116.0
2016-08-01,101.227,103.31,23,Israel,1211.0
2016-08-01,101.227,103.31,23,Mongolia,1656.0
2016-08-01,101.227,103.31,23,Turkey,1103.0
2016-08-01,101.227,103.31,23,The rest of Asia,12714.0
2016-08-01,101.227,103.31,23,United Kingdom,21451.0
2016-08-01,101.227,103.31,23,France,23669.0
2016-08-01,101.227,103.31,23,Germany,14186.0
2016-08-01,101.227,103.31,23,Italy,18385.0
2016-08-01,101.227,103.31,23,Russia,4312.0
2016-08-01,101.227,103.31,23,Spain,15071.0
2016-08-01,101.227,103.31,23,Sweden,2633.0
2016-08-01,101.227,103.31,23,Netherlands,4347.0
2016-08-01,101.227,103.31,23,Switzerland,2845.0
2016-08-01,101.227,103.31,23,Belgium,2012.0
2016-08-01,101.227,103.31,23,Finland,1197.0
2016-08-01,101.227,103.31,23,Poland,2290.0
2016-08-01,101.227,103.31,23,Denmark,1251.0
2016-08-01,101.227,103.31,23,Norway,935.0
2016-08-01,101.227,103.31,23,Austria,1840.0
2016-08-01,101.227,103.31,23,Portugal,2341.0
2016-08-01,101.227,103.31,23,Ireland,1153.0
2016-08-01,101.227,103.31,23,The rest of Europe,6204.0
2016-08-01,101.227,103.31,23,Africa,3104.0
2016-08-01,101.227,103.31,23,United States,88783.0
2016-08-01,101.227,103.31,23,Canada,21890.0
2016-08-01,101.227,103.31,23,Mexico,3064.0
2016-08-01,101.227,103.31,23,The rest of NA,934.0
2016-08-01,101.227,103.31,23,Brazil,1987.0
2016-08-01,101.227,103.31,23,The rest of SA,2634.0
2016-08-01,101.227,103.31,23,Australia,19392.0
2016-08-01,101.227,103.31,23,New Zealand,3616.0
2016-08-01,101.227,103.31,23,The rest of Oceania,324.0
2016-08-01,101.227,103.31,23,Stateless,82.0
2016-09-01,101.873,101.33,22,South Korea,430614.0
2016-09-01,101.873,101.33,22,China,522302.0
2016-09-01,101.873,101.33,22,Taiwan,347522.0
2016-09-01,101.873,101.33,22,Hong Kong,130937.0
2016-09-01,101.873,101.33,22,Thailand,44673.0
2016-09-01,101.873,101.33,22,Singapore,21923.0
2016-09-01,101.873,101.33,22,Malaysia,25895.0
2016-09-01,101.873,101.33,22,Indonesia,17831.0
2016-09-01,101.873,101.33,22,Philippines,20817.0
2016-09-01,101.873,101.33,22,Vietnam,19252.0
2016-09-01,101.873,101.33,22,India,10097.0
2016-09-01,101.873,101.33,22,Macau,5873.0
2016-09-01,101.873,101.33,22,Israel,2842.0
2016-09-01,101.873,101.33,22,Mongolia,1922.0
2016-09-01,101.873,101.33,22,Turkey,1988.0
2016-09-01,101.873,101.33,22,The rest of Asia,13919.0
2016-09-01,101.873,101.33,22,United Kingdom,24693.0
2016-09-01,101.873,101.33,22,France,17297.0
2016-09-01,101.873,101.33,22,Germany,16857.0
2016-09-01,101.873,101.33,22,Italy,9767.0
2016-09-01,101.873,101.33,22,Russia,4485.0
2016-09-01,101.873,101.33,22,Spain,9191.0
2016-09-01,101.873,101.33,22,Sweden,3684.0
2016-09-01,101.873,101.33,22,Netherlands,5197.0
2016-09-01,101.873,101.33,22,Switzerland,3614.0
2016-09-01,101.873,101.33,22,Belgium,2727.0
2016-09-01,101.873,101.33,22,Finland,1730.0
2016-09-01,101.873,101.33,22,Poland,2906.0
2016-09-01,101.873,101.33,22,Denmark,1717.0
2016-09-01,101.873,101.33,22,Norway,1461.0
2016-09-01,101.873,101.33,22,Austria,1906.0
2016-09-01,101.873,101.33,22,Portugal,1699.0
2016-09-01,101.873,101.33,22,Ireland,1445.0
2016-09-01,101.873,101.33,22,The rest of Europe,7817.0
2016-09-01,101.873,101.33,22,Africa,3553.0
2016-09-01,101.873,101.33,22,United States,96808.0
2016-09-01,101.873,101.33,22,Canada,22097.0
2016-09-01,101.873,101.33,22,Mexico,4180.0
2016-09-01,101.873,101.33,22,The rest of NA,1047.0
2016-09-01,101.873,101.33,22,Brazil,3056.0
2016-09-01,101.873,101.33,22,The rest of SA,3738.0
2016-09-01,101.873,101.33,22,Australia,41134.0
2016-09-01,101.873,101.33,22,New Zealand,5626.0
2016-09-01,101.873,101.33,22,The rest of Oceania,314.0
2016-09-01,101.873,101.33,22,Stateless,93.0
2016-10-01,103.827,105.03,21,South Korea,449555.0
2016-10-01,103.827,105.03,21,China,506162.0
2016-10-01,103.827,105.03,21,Taiwan,354457.0
2016-10-01,103.827,105.03,21,Hong Kong,153971.0
2016-10-01,103.827,105.03,21,Thailand,98276.0
2016-10-01,103.827,105.03,21,Singapore,29860.0
2016-10-01,103.827,105.03,21,Malaysia,36696.0
2016-10-01,103.827,105.03,21,Indonesia,23260.0
2016-10-01,103.827,105.03,21,Philippines,36708.0
2016-10-01,103.827,105.03,21,Vietnam,24696.0
2016-10-01,103.827,105.03,21,India,11522.0
2016-10-01,103.827,105.03,21,Macau,7328.0
2016-10-01,103.827,105.03,21,Israel,6126.0
2016-10-01,103.827,105.03,21,Mongolia,1999.0
2016-10-01,103.827,105.03,21,Turkey,1876.0
2016-10-01,103.827,105.03,21,The rest of Asia,16133.0
2016-10-01,103.827,105.03,21,United Kingdom,32022.0
2016-10-01,103.827,105.03,21,France,30035.0
2016-10-01,103.827,105.03,21,Germany,22874.0
2016-10-01,103.827,105.03,21,Italy,12531.0
2016-10-01,103.827,105.03,21,Russia,6464.0
2016-10-01,103.827,105.03,21,Spain,11012.0
2016-10-01,103.827,105.03,21,Sweden,5920.0
2016-10-01,103.827,105.03,21,Netherlands,6790.0
2016-10-01,103.827,105.03,21,Switzerland,6218.0
2016-10-01,103.827,105.03,21,Belgium,4126.0
2016-10-01,103.827,105.03,21,Finland,2618.0
2016-10-01,103.827,105.03,21,Poland,3171.0
2016-10-01,103.827,105.03,21,Denmark,3138.0
2016-10-01,103.827,105.03,21,Norway,1809.0
2016-10-01,103.827,105.03,21,Austria,2402.0
2016-10-01,103.827,105.03,21,Portugal,2271.0
2016-10-01,103.827,105.03,21,Ireland,1714.0
2016-10-01,103.827,105.03,21,The rest of Europe,10326.0
2016-10-01,103.827,105.03,21,Africa,3329.0
2016-10-01,103.827,105.03,21,United States,119477.0
2016-10-01,103.827,105.03,21,Canada,29736.0
2016-10-01,103.827,105.03,21,Mexico,4805.0
2016-10-01,103.827,105.03,21,The rest of NA,1158.0
2016-10-01,103.827,105.03,21,Brazil,5448.0
2016-10-01,103.827,105.03,21,The rest of SA,4901.0
2016-10-01,103.827,105.03,21,Australia,37667.0
2016-10-01,103.827,105.03,21,New Zealand,4831.0
2016-10-01,103.827,105.03,21,The rest of Oceania,382.0
2016-10-01,103.827,105.03,21,Stateless,104.0
2016-11-01,108.347,113.29,22,South Korea,426918.0
2016-11-01,108.347,113.29,22,China,432802.0
2016-11-01,108.347,113.29,22,Taiwan,300739.0
2016-11-01,108.347,113.29,22,Hong Kong,152346.0
2016-11-01,108.347,113.29,22,Thailand,80327.0
2016-11-01,108.347,113.29,22,Singapore,43323.0
2016-11-01,108.347,113.29,22,Malaysia,44428.0
2016-11-01,108.347,113.29,22,Indonesia,21853.0
2016-11-01,108.347,113.29,22,Philippines,30004.0
2016-11-01,108.347,113.29,22,Vietnam,18126.0
2016-11-01,108.347,113.29,22,India,11151.0
2016-11-01,108.347,113.29,22,Macau,6876.0
2016-11-01,108.347,113.29,22,Israel,2424.0
2016-11-01,108.347,113.29,22,Mongolia,1554.0
2016-11-01,108.347,113.29,22,Turkey,1438.0
2016-11-01,108.347,113.29,22,The rest of Asia,13638.0
2016-11-01,108.347,113.29,22,United Kingdom,23489.0
2016-11-01,108.347,113.29,22,France,17399.0
2016-11-01,108.347,113.29,22,Germany,15399.0
2016-11-01,108.347,113.29,22,Italy,8581.0
2016-11-01,108.347,113.29,22,Russia,4983.0
2016-11-01,108.347,113.29,22,Spain,6169.0
2016-11-01,108.347,113.29,22,Sweden,3978.0
2016-11-01,108.347,113.29,22,Netherlands,4323.0
2016-11-01,108.347,113.29,22,Switzerland,2931.0
2016-11-01,108.347,113.29,22,Belgium,2370.0
2016-11-01,108.347,113.29,22,Finland,1803.0
2016-11-01,108.347,113.29,22,Poland,2641.0
2016-11-01,108.347,113.29,22,Denmark,1743.0
2016-11-01,108.347,113.29,22,Norway,1351.0
2016-11-01,108.347,113.29,22,Austria,1605.0
2016-11-01,108.347,113.29,22,Portugal,1706.0
2016-11-01,108.347,113.29,22,Ireland,1294.0
2016-11-01,108.347,113.29,22,The rest of Europe,7227.0
2016-11-01,108.347,113.29,22,Africa,2767.0
2016-11-01,108.347,113.29,22,United States,103761.0
2016-11-01,108.347,113.29,22,Canada,24039.0
2016-11-01,108.347,113.29,22,Mexico,3507.0
2016-11-01,108.347,113.29,22,The rest of NA,858.0
2016-11-01,108.347,113.29,22,Brazil,2847.0
2016-11-01,108.347,113.29,22,The rest of SA,2901.0
2016-11-01,108.347,113.29,22,Australia,33125.0
2016-11-01,108.347,113.29,22,New Zealand,4139.0
2016-11-01,108.347,113.29,22,The rest of Oceania,426.0
2016-11-01,108.347,113.29,22,Stateless,95.0
2016-12-01,116.11,117.07,21,South Korea,494376.0
2016-12-01,116.11,117.07,21,China,427462.0
2016-12-01,116.11,117.07,21,Taiwan,278736.0
2016-12-01,116.11,117.07,21,Hong Kong,189773.0
2016-12-01,116.11,117.07,21,Thailand,96405.0
2016-12-01,116.11,117.07,21,Singapore,75868.0
2016-12-01,116.11,117.07,21,Malaysia,63297.0
2016-12-01,116.11,117.07,21,Indonesia,40894.0
2016-12-01,116.11,117.07,21,Philippines,41318.0
2016-12-01,116.11,117.07,21,Vietnam,13050.0
2016-12-01,116.11,117.07,21,India,7512.0
2016-12-01,116.11,117.07,21,Macau,13329.0
2016-12-01,116.11,117.07,21,Israel,939.0
2016-12-01,116.11,117.07,21,Mongolia,1619.0
2016-12-01,116.11,117.07,21,Turkey,1115.0
2016-12-01,116.11,117.07,21,The rest of Asia,11121.0
2016-12-01,116.11,117.07,21,United Kingdom,20801.0
2016-12-01,116.11,117.07,21,France,15499.0
2016-12-01,116.11,117.07,21,Germany,10713.0
2016-12-01,116.11,117.07,21,Italy,8404.0
2016-12-01,116.11,117.07,21,Russia,4428.0
2016-12-01,116.11,117.07,21,Spain,5749.0
2016-12-01,116.11,117.07,21,Sweden,3206.0
2016-12-01,116.11,117.07,21,Netherlands,3510.0
2016-12-01,116.11,117.07,21,Switzerland,2443.0
2016-12-01,116.11,117.07,21,Belgium,1461.0
2016-12-01,116.11,117.07,21,Finland,1852.0
2016-12-01,116.11,117.07,21,Poland,1156.0
2016-12-01,116.11,117.07,21,Denmark,1274.0
2016-12-01,116.11,117.07,21,Norway,1074.0
2016-12-01,116.11,117.07,21,Austria,1018.0
2016-12-01,116.11,117.07,21,Portugal,2178.0
2016-12-01,116.11,117.07,21,Ireland,1188.0
2016-12-01,116.11,117.07,21,The rest of Europe,4643.0
2016-12-01,116.11,117.07,21,Africa,2286.0
2016-12-01,116.11,117.07,21,United States,105036.0
2016-12-01,116.11,117.07,21,Canada,24642.0
2016-12-01,116.11,117.07,21,Mexico,3935.0
2016-12-01,116.11,117.07,21,The rest of NA,774.0
2016-12-01,116.11,117.07,21,Brazil,3865.0
2016-12-01,116.11,117.07,21,The rest of SA,4628.0
2016-12-01,116.11,117.07,21,Australia,51524.0
2016-12-01,116.11,117.07,21,New Zealand,6192.0
2016-12-01,116.11,117.07,21,The rest of Oceania,269.0
2016-12-01,116.11,117.07,21,Stateless,86.0
2017-01-01,115.08,113.38,22,South Korea,625415.0
2017-01-01,115.08,113.38,22,China,630570.0
2017-01-01,115.08,113.38,22,Taiwan,350765.0
2017-01-01,115.08,113.38,22,Hong Kong,185486.0
2017-01-01,115.08,113.38,22,Thailand,65176.0
2017-01-01,115.08,113.38,22,Singapore,20415.0
2017-01-01,115.08,113.38,22,Malaysia,34513.0
2017-01-01,115.08,113.38,22,Indonesia,22539.0
2017-01-01,115.08,113.38,22,Philippines,26386.0
2017-01-01,115.08,113.38,22,Vietnam,21621.0
2017-01-01,115.08,113.38,22,India,10105.0
2017-01-01,115.08,113.38,22,Macau,9352.0
2017-01-01,115.08,113.38,22,Israel,867.0
2017-01-01,115.08,113.38,22,Mongolia,2046.0
2017-01-01,115.08,113.38,22,Turkey,1163.0
2017-01-01,115.08,113.38,22,The rest of Asia,13380.0
2017-01-01,115.08,113.38,22,United Kingdom,20811.0
2017-01-01,115.08,113.38,22,France,14374.0
2017-01-01,115.08,113.38,22,Germany,10256.0
2017-01-01,115.08,113.38,22,Italy,5569.0
2017-01-01,115.08,113.38,22,Russia,4320.0
2017-01-01,115.08,113.38,22,Spain,3667.0
2017-01-01,115.08,113.38,22,Sweden,3864.0
2017-01-01,115.08,113.38,22,Netherlands,3068.0
2017-01-01,115.08,113.38,22,Switzerland,2335.0
2017-01-01,115.08,113.38,22,Belgium,1414.0
2017-01-01,115.08,113.38,22,Finland,1937.0
2017-01-01,115.08,113.38,22,Poland,1244.0
2017-01-01,115.08,113.38,22,Denmark,1517.0
2017-01-01,115.08,113.38,22,Norway,1536.0
2017-01-01,115.08,113.38,22,Austria,1120.0
2017-01-01,115.08,113.38,22,Portugal,1440.0
2017-01-01,115.08,113.38,22,Ireland,1249.0
2017-01-01,115.08,113.38,22,The rest of Europe,5615.0
2017-01-01,115.08,113.38,22,Africa,2358.0
2017-01-01,115.08,113.38,22,United States,88183.0
2017-01-01,115.08,113.38,22,Canada,22583.0
2017-01-01,115.08,113.38,22,Mexico,2827.0
2017-01-01,115.08,113.38,22,The rest of NA,1062.0
2017-01-01,115.08,113.38,22,Brazil,2665.0
2017-01-01,115.08,113.38,22,The rest of SA,3251.0
2017-01-01,115.08,113.38,22,Australia,61107.0
2017-01-01,115.08,113.38,22,New Zealand,6001.0
2017-01-01,115.08,113.38,22,The rest of Oceania,386.0
2017-01-01,115.08,113.38,22,Stateless,110.0
2017-02-01,112.914,112.14,20,South Korea,600018.0
2017-02-01,112.914,112.14,20,China,509090.0
2017-02-01,112.914,112.14,20,Taiwan,342951.0
2017-02-01,112.914,112.14,20,Hong Kong,140622.0
2017-02-01,112.914,112.14,20,Thailand,75098.0
2017-02-01,112.914,112.14,20,Singapore,17643.0
2017-02-01,112.914,112.14,20,Malaysia,26667.0
2017-02-01,112.914,112.14,20,Indonesia,17911.0
2017-02-01,112.914,112.14,20,Philippines,25795.0
2017-02-01,112.914,112.14,20,Vietnam,22000.0
2017-02-01,112.914,112.14,20,India,7485.0
2017-02-01,112.914,112.14,20,Macau,6162.0
2017-02-01,112.914,112.14,20,Israel,918.0
2017-02-01,112.914,112.14,20,Mongolia,1633.0
2017-02-01,112.914,112.14,20,Turkey,924.0
2017-02-01,112.914,112.14,20,The rest of Asia,9812.0
2017-02-01,112.914,112.14,20,United Kingdom,19044.0
2017-02-01,112.914,112.14,20,France,13807.0
2017-02-01,112.914,112.14,20,Germany,11777.0
2017-02-01,112.914,112.14,20,Italy,5449.0
2017-02-01,112.914,112.14,20,Russia,3829.0
2017-02-01,112.914,112.14,20,Spain,3520.0
2017-02-01,112.914,112.14,20,Sweden,3221.0
2017-02-01,112.914,112.14,20,Netherlands,3241.0
2017-02-01,112.914,112.14,20,Switzerland,2309.0
2017-02-01,112.914,112.14,20,Belgium,1773.0
2017-02-01,112.914,112.14,20,Finland,1929.0
2017-02-01,112.914,112.14,20,Poland,1370.0
2017-02-01,112.914,112.14,20,Denmark,1448.0
2017-02-01,112.914,112.14,20,Norway,1474.0
2017-02-01,112.914,112.14,20,Austria,1225.0
2017-02-01,112.914,112.14,20,Portugal,1085.0
2017-02-01,112.914,112.14,20,Ireland,1073.0
2017-02-01,112.914,112.14,20,The rest of Europe,4584.0
2017-02-01,112.914,112.14,20,Africa,1841.0
2017-02-01,112.914,112.14,20,United States,73587.0
2017-02-01,112.914,112.14,20,Canada,18774.0
2017-02-01,112.914,112.14,20,Mexico,2932.0
2017-02-01,112.914,112.14,20,The rest of NA,803.0
2017-02-01,112.914,112.14,20,Brazil,2038.0
2017-02-01,112.914,112.14,20,The rest of SA,3166.0
2017-02-01,112.914,112.14,20,Australia,40690.0
2017-02-01,112.914,112.14,20,New Zealand,4704.0
2017-02-01,112.914,112.14,20,The rest of Oceania,289.0
2017-02-01,112.914,112.14,20,Stateless,60.0
2017-03-01,112.957,111.82,23,South Korea,488349.0
2017-03-01,112.957,111.82,23,China,508979.0
2017-03-01,112.957,111.82,23,Taiwan,339884.0
2017-03-01,112.957,111.82,23,Hong Kong,164469.0
2017-03-01,112.957,111.82,23,Thailand,111502.0
2017-03-01,112.957,111.82,23,Singapore,33791.0
2017-03-01,112.957,111.82,23,Malaysia,43744.0
2017-03-01,112.957,111.82,23,Indonesia,36001.0
2017-03-01,112.957,111.82,23,Philippines,34860.0
2017-03-01,112.957,111.82,23,Vietnam,30594.0
2017-03-01,112.957,111.82,23,India,11242.0
2017-03-01,112.957,111.82,23,Macau,7617.0
2017-03-01,112.957,111.82,23,Israel,5422.0
2017-03-01,112.957,111.82,23,Mongolia,2354.0
2017-03-01,112.957,111.82,23,Turkey,1711.0
2017-03-01,112.957,111.82,23,The rest of Asia,18282.0
2017-03-01,112.957,111.82,23,United Kingdom,31390.0
2017-03-01,112.957,111.82,23,France,23656.0
2017-03-01,112.957,111.82,23,Germany,22422.0
2017-03-01,112.957,111.82,23,Italy,11004.0
2017-03-01,112.957,111.82,23,Russia,7105.0
2017-03-01,112.957,111.82,23,Spain,6255.0
2017-03-01,112.957,111.82,23,Sweden,5059.0
2017-03-01,112.957,111.82,23,Netherlands,5429.0
2017-03-01,112.957,111.82,23,Switzerland,3994.0
2017-03-01,112.957,111.82,23,Belgium,2752.0
2017-03-01,112.957,111.82,23,Finland,2835.0
2017-03-01,112.957,111.82,23,Poland,2831.0
2017-03-01,112.957,111.82,23,Denmark,2445.0
2017-03-01,112.957,111.82,23,Norway,2147.0
2017-03-01,112.957,111.82,23,Austria,1929.0
2017-03-01,112.957,111.82,23,Portugal,1766.0
2017-03-01,112.957,111.82,23,Ireland,1624.0
2017-03-01,112.957,111.82,23,The rest of Europe,8887.0
2017-03-01,112.957,111.82,23,Africa,2987.0
2017-03-01,112.957,111.82,23,United States,130922.0
2017-03-01,112.957,111.82,23,Canada,29439.0
2017-03-01,112.957,111.82,23,Mexico,5090.0
2017-03-01,112.957,111.82,23,The rest of NA,1151.0
2017-03-01,112.957,111.82,23,Brazil,4312.0
2017-03-01,112.957,111.82,23,The rest of SA,4468.0
2017-03-01,112.957,111.82,23,Australia,39965.0
2017-03-01,112.957,111.82,23,New Zealand,4606.0
2017-03-01,112.957,111.82,23,The rest of Oceania,290.0
2017-03-01,112.957,111.82,23,Stateless,103.0
2017-04-01,110.319,111.4,18,South Korea,554627.0
2017-04-01,110.319,111.4,18,China,528781.0
2017-04-01,110.319,111.4,18,Taiwan,413348.0
2017-04-01,110.319,111.4,18,Hong Kong,209394.0
2017-04-01,110.319,111.4,18,Thailand,138559.0
2017-04-01,110.319,111.4,18,Singapore,35380.0
2017-04-01,110.319,111.4,18,Malaysia,43152.0
2017-04-01,110.319,111.4,18,Indonesia,45215.0
2017-04-01,110.319,111.4,18,Philippines,62022.0
2017-04-01,110.319,111.4,18,Vietnam,38928.0
2017-04-01,110.319,111.4,18,India,14470.0
2017-04-01,110.319,111.4,18,Macau,7205.0
2017-04-01,110.319,111.4,18,Israel,6119.0
2017-04-01,110.319,111.4,18,Mongolia,1760.0
2017-04-01,110.319,111.4,18,Turkey,2066.0
2017-04-01,110.319,111.4,18,The rest of Asia,25426.0
2017-04-01,110.319,111.4,18,United Kingdom,37157.0
2017-04-01,110.319,111.4,18,France,37405.0
2017-04-01,110.319,111.4,18,Germany,23415.0
2017-04-01,110.319,111.4,18,Italy,16049.0
2017-04-01,110.319,111.4,18,Russia,9033.0
2017-04-01,110.319,111.4,18,Spain,11227.0
2017-04-01,110.319,111.4,18,Sweden,6901.0
2017-04-01,110.319,111.4,18,Netherlands,7763.0
2017-04-01,110.319,111.4,18,Switzerland,7312.0
2017-04-01,110.319,111.4,18,Belgium,4149.0
2017-04-01,110.319,111.4,18,Finland,2766.0
2017-04-01,110.319,111.4,18,Poland,4181.0
2017-04-01,110.319,111.4,18,Denmark,3209.0
2017-04-01,110.319,111.4,18,Norway,3211.0
2017-04-01,110.319,111.4,18,Austria,2392.0
2017-04-01,110.319,111.4,18,Portugal,2710.0
2017-04-01,110.319,111.4,18,Ireland,2196.0
2017-04-01,110.319,111.4,18,The rest of Europe,11193.0
2017-04-01,110.319,111.4,18,Africa,3057.0
2017-04-01,110.319,111.4,18,United States,141090.0
2017-04-01,110.319,111.4,18,Canada,34285.0
2017-04-01,110.319,111.4,18,Mexico,7105.0
2017-04-01,110.319,111.4,18,The rest of NA,1346.0
2017-04-01,110.319,111.4,18,Brazil,4691.0
2017-04-01,110.319,111.4,18,The rest of SA,5442.0
2017-04-01,110.319,111.4,18,Australia,56202.0
2017-04-01,110.319,111.4,18,New Zealand,6579.0
2017-04-01,110.319,111.4,18,The rest of Oceania,354.0
2017-04-01,110.319,111.4,18,Stateless,98.0
2017-05-01,112.237,110.86,22,South Korea,558892.0
2017-05-01,112.237,110.86,22,China,517038.0
2017-05-01,112.237,110.86,22,Taiwan,407471.0
2017-05-01,112.237,110.86,22,Hong Kong,181601.0
2017-05-01,112.237,110.86,22,Thailand,88816.0
2017-05-01,112.237,110.86,22,Singapore,34322.0
2017-05-01,112.237,110.86,22,Malaysia,36019.0
2017-05-01,112.237,110.86,22,Indonesia,24908.0
2017-05-01,112.237,110.86,22,Philippines,43994.0
2017-05-01,112.237,110.86,22,Vietnam,22118.0
2017-05-01,112.237,110.86,22,India,15584.0
2017-05-01,112.237,110.86,22,Macau,7513.0
2017-05-01,112.237,110.86,22,Israel,2214.0
2017-05-01,112.237,110.86,22,Mongolia,1561.0
2017-05-01,112.237,110.86,22,Turkey,1827.0
2017-05-01,112.237,110.86,22,The rest of Asia,13909.0
2017-05-01,112.237,110.86,22,United Kingdom,25861.0
2017-05-01,112.237,110.86,22,France,24951.0
2017-05-01,112.237,110.86,22,Germany,17370.0
2017-05-01,112.237,110.86,22,Italy,9827.0
2017-05-01,112.237,110.86,22,Russia,5883.0
2017-05-01,112.237,110.86,22,Spain,7732.0
2017-05-01,112.237,110.86,22,Sweden,3746.0
2017-05-01,112.237,110.86,22,Netherlands,5799.0
2017-05-01,112.237,110.86,22,Switzerland,4043.0
2017-05-01,112.237,110.86,22,Belgium,2802.0
2017-05-01,112.237,110.86,22,Finland,2401.0
2017-05-01,112.237,110.86,22,Poland,2804.0
2017-05-01,112.237,110.86,22,Denmark,1787.0
2017-05-01,112.237,110.86,22,Norway,1192.0
2017-05-01,112.237,110.86,22,Austria,1818.0
2017-05-01,112.237,110.86,22,Portugal,1822.0
2017-05-01,112.237,110.86,22,Ireland,1558.0
2017-05-01,112.237,110.86,22,The rest of Europe,8374.0
2017-05-01,112.237,110.86,22,Africa,2684.0
2017-05-01,112.237,110.86,22,United States,124672.0
2017-05-01,112.237,110.86,22,Canada,27622.0
2017-05-01,112.237,110.86,22,Mexico,4969.0
2017-05-01,112.237,110.86,22,The rest of NA,1085.0
2017-05-01,112.237,110.86,22,Brazil,3567.0
2017-05-01,112.237,110.86,22,The rest of SA,5017.0
2017-05-01,112.237,110.86,22,Australia,32040.0
2017-05-01,112.237,110.86,22,New Zealand,5071.0
2017-05-01,112.237,110.86,22,The rest of Oceania,375.0
2017-05-01,112.237,110.86,22,Stateless,58.0
2017-06-01,110.941,111.94,22,South Korea,568877.0
2017-06-01,110.941,111.94,22,China,587193.0
2017-06-01,110.941,111.94,22,Taiwan,433603.0
2017-06-01,110.941,111.94,22,Hong Kong,201799.0
2017-06-01,110.941,111.94,22,Thailand,51755.0
2017-06-01,110.941,111.94,22,Singapore,36283.0
2017-06-01,110.941,111.94,22,Malaysia,30044.0
2017-06-01,110.941,111.94,22,Indonesia,38314.0
2017-06-01,110.941,111.94,22,Philippines,31450.0
2017-06-01,110.941,111.94,22,Vietnam,21869.0
2017-06-01,110.941,111.94,22,India,10650.0
2017-06-01,110.941,111.94,22,Macau,8588.0
2017-06-01,110.941,111.94,22,Israel,1229.0
2017-06-01,110.941,111.94,22,Mongolia,2237.0
2017-06-01,110.941,111.94,22,Turkey,1628.0
2017-06-01,110.941,111.94,22,The rest of Asia,9722.0
2017-06-01,110.941,111.94,22,United Kingdom,19501.0
2017-06-01,110.941,111.94,22,France,16071.0
2017-06-01,110.941,111.94,22,Germany,12799.0
2017-06-01,110.941,111.94,22,Italy,8324.0
2017-06-01,110.941,111.94,22,Russia,5550.0
2017-06-01,110.941,111.94,22,Spain,6491.0
2017-06-01,110.941,111.94,22,Sweden,4777.0
2017-06-01,110.941,111.94,22,Netherlands,3888.0
2017-06-01,110.941,111.94,22,Switzerland,2597.0
2017-06-01,110.941,111.94,22,Belgium,1971.0
2017-06-01,110.941,111.94,22,Finland,2212.0
2017-06-01,110.941,111.94,22,Poland,2025.0
2017-06-01,110.941,111.94,22,Denmark,1687.0
2017-06-01,110.941,111.94,22,Norway,2009.0
2017-06-01,110.941,111.94,22,Austria,1263.0
2017-06-01,110.941,111.94,22,Portugal,1682.0
2017-06-01,110.941,111.94,22,Ireland,1553.0
2017-06-01,110.941,111.94,22,The rest of Europe,6378.0
2017-06-01,110.941,111.94,22,Africa,2274.0
2017-06-01,110.941,111.94,22,United States,137985.0
2017-06-01,110.941,111.94,22,Canada,20246.0
2017-06-01,110.941,111.94,22,Mexico,5295.0
2017-06-01,110.941,111.94,22,The rest of NA,784.0
2017-06-01,110.941,111.94,22,Brazil,2655.0
2017-06-01,110.941,111.94,22,The rest of SA,3763.0
2017-06-01,110.941,111.94,22,Australia,32506.0
2017-06-01,110.941,111.94,22,New Zealand,4393.0
2017-06-01,110.941,111.94,22,The rest of Oceania,470.0
2017-06-01,110.941,111.94,22,Stateless,52.0
2017-07-01,112.496,110.6,21,South Korea,644026.0
2017-07-01,112.496,110.6,21,China,780771.0
2017-07-01,112.496,110.6,21,Taiwan,446604.0
2017-07-01,112.496,110.6,21,Hong Kong,234651.0
2017-07-01,112.496,110.6,21,Thailand,56699.0
2017-07-01,112.496,110.6,21,Singapore,19720.0
2017-07-01,112.496,110.6,21,Malaysia,21572.0
2017-07-01,112.496,110.6,21,Indonesia,23413.0
2017-07-01,112.496,110.6,21,Philippines,24463.0
2017-07-01,112.496,110.6,21,Vietnam,24696.0
2017-07-01,112.496,110.6,21,India,10953.0
2017-07-01,112.496,110.6,21,Macau,15069.0
2017-07-01,112.496,110.6,21,Israel,1661.0
2017-07-01,112.496,110.6,21,Mongolia,1536.0
2017-07-01,112.496,110.6,21,Turkey,1755.0
2017-07-01,112.496,110.6,21,The rest of Asia,16505.0
2017-07-01,112.496,110.6,21,United Kingdom,26251.0
2017-07-01,112.496,110.6,21,France,29096.0
2017-07-01,112.496,110.6,21,Germany,15496.0
2017-07-01,112.496,110.6,21,Italy,10945.0
2017-07-01,112.496,110.6,21,Russia,6338.0
2017-07-01,112.496,110.6,21,Spain,11667.0
2017-07-01,112.496,110.6,21,Sweden,4045.0
2017-07-01,112.496,110.6,21,Netherlands,7908.0
2017-07-01,112.496,110.6,21,Switzerland,5698.0
2017-07-01,112.496,110.6,21,Belgium,4095.0
2017-07-01,112.496,110.6,21,Finland,1695.0
2017-07-01,112.496,110.6,21,Poland,2473.0
2017-07-01,112.496,110.6,21,Denmark,3291.0
2017-07-01,112.496,110.6,21,Norway,2465.0
2017-07-01,112.496,110.6,21,Austria,2133.0
2017-07-01,112.496,110.6,21,Portugal,2287.0
2017-07-01,112.496,110.6,21,Ireland,1677.0
2017-07-01,112.496,110.6,21,The rest of Europe,7186.0
2017-07-01,112.496,110.6,21,Africa,3496.0
2017-07-01,112.496,110.6,21,United States,129369.0
2017-07-01,112.496,110.6,21,Canada,26429.0
2017-07-01,112.496,110.6,21,Mexico,7803.0
2017-07-01,112.496,110.6,21,The rest of NA,965.0
2017-07-01,112.496,110.6,21,Brazil,4191.0
2017-07-01,112.496,110.6,21,The rest of SA,3899.0
2017-07-01,112.496,110.6,21,Australia,30383.0
2017-07-01,112.496,110.6,21,New Zealand,5626.0
2017-07-01,112.496,110.6,21,The rest of Oceania,443.0
2017-07-01,112.496,110.6,21,Stateless,74.0
2017-08-01,109.857,110.62,23,South Korea,620904.0
2017-08-01,109.857,110.62,23,China,819855.0
2017-08-01,109.857,110.62,23,Taiwan,377843.0
2017-08-01,109.857,110.62,23,Hong Kong,196761.0
2017-08-01,109.857,110.62,23,Thailand,36176.0
2017-08-01,109.857,110.62,23,Singapore,15331.0
2017-08-01,109.857,110.62,23,Malaysia,21072.0
2017-08-01,109.857,110.62,23,Indonesia,13980.0
2017-08-01,109.857,110.62,23,Philippines,21311.0
2017-08-01,109.857,110.62,23,Vietnam,24665.0
2017-08-01,109.857,110.62,23,India,10069.0
2017-08-01,109.857,110.62,23,Macau,16504.0
2017-08-01,109.857,110.62,23,Israel,1592.0
2017-08-01,109.857,110.62,23,Mongolia,1897.0
2017-08-01,109.857,110.62,23,Turkey,1705.0
2017-08-01,109.857,110.62,23,The rest of Asia,13443.0
2017-08-01,109.857,110.62,23,United Kingdom,22188.0
2017-08-01,109.857,110.62,23,France,24629.0
2017-08-01,109.857,110.62,23,Germany,14268.0
2017-08-01,109.857,110.62,23,Italy,17201.0
2017-08-01,109.857,110.62,23,Russia,5835.0
2017-08-01,109.857,110.62,23,Spain,14871.0
2017-08-01,109.857,110.62,23,Sweden,2388.0
2017-08-01,109.857,110.62,23,Netherlands,4604.0
2017-08-01,109.857,110.62,23,Switzerland,3075.0
2017-08-01,109.857,110.62,23,Belgium,2145.0
2017-08-01,109.857,110.62,23,Finland,1192.0
2017-08-01,109.857,110.62,23,Poland,2168.0
2017-08-01,109.857,110.62,23,Denmark,1375.0
2017-08-01,109.857,110.62,23,Norway,883.0
2017-08-01,109.857,110.62,23,Austria,1584.0
2017-08-01,109.857,110.62,23,Portugal,2563.0
2017-08-01,109.857,110.62,23,Ireland,1281.0
2017-08-01,109.857,110.62,23,The rest of Europe,6680.0
2017-08-01,109.857,110.62,23,Africa,3073.0
2017-08-01,109.857,110.62,23,United States,91978.0
2017-08-01,109.857,110.62,23,Canada,22443.0
2017-08-01,109.857,110.62,23,Mexico,4847.0
2017-08-01,109.857,110.62,23,The rest of NA,1099.0
2017-08-01,109.857,110.62,23,Brazil,3029.0
2017-08-01,109.857,110.62,23,The rest of SA,2866.0
2017-08-01,109.857,110.62,23,Australia,22157.0
2017-08-01,109.857,110.62,23,New Zealand,3440.0
2017-08-01,109.857,110.62,23,The rest of Oceania,396.0
2017-08-01,109.857,110.62,23,Stateless,62.0
2017-09-01,110.732,112.5,21,South Korea,556885.0
2017-09-01,110.732,112.5,21,China,678313.0
2017-09-01,110.732,112.5,21,Taiwan,347796.0
2017-09-01,110.732,112.5,21,Hong Kong,165513.0
2017-09-01,110.732,112.5,21,Thailand,49526.0
2017-09-01,110.732,112.5,21,Singapore,22203.0
2017-09-01,110.732,112.5,21,Malaysia,26478.0
2017-09-01,110.732,112.5,21,Indonesia,22041.0
2017-09-01,110.732,112.5,21,Philippines,22473.0
2017-09-01,110.732,112.5,21,Vietnam,25388.0
2017-09-01,110.732,112.5,21,India,11513.0
2017-09-01,110.732,112.5,21,Macau,7744.0
2017-09-01,110.732,112.5,21,Israel,3791.0
2017-09-01,110.732,112.5,21,Mongolia,2125.0
2017-09-01,110.732,112.5,21,Turkey,1814.0
2017-09-01,110.732,112.5,21,The rest of Asia,16321.0
2017-09-01,110.732,112.5,21,United Kingdom,27114.0
2017-09-01,110.732,112.5,21,France,18283.0
2017-09-01,110.732,112.5,21,Germany,18316.0
2017-09-01,110.732,112.5,21,Italy,10203.0
2017-09-01,110.732,112.5,21,Russia,6492.0
2017-09-01,110.732,112.5,21,Spain,9374.0
2017-09-01,110.732,112.5,21,Sweden,3523.0
2017-09-01,110.732,112.5,21,Netherlands,5394.0
2017-09-01,110.732,112.5,21,Switzerland,3828.0
2017-09-01,110.732,112.5,21,Belgium,2905.0
2017-09-01,110.732,112.5,21,Finland,1737.0
2017-09-01,110.732,112.5,21,Poland,2827.0
2017-09-01,110.732,112.5,21,Denmark,1831.0
2017-09-01,110.732,112.5,21,Norway,1397.0
2017-09-01,110.732,112.5,21,Austria,2004.0
2017-09-01,110.732,112.5,21,Portugal,1849.0
2017-09-01,110.732,112.5,21,Ireland,1705.0
2017-09-01,110.732,112.5,21,The rest of Europe,9053.0
2017-09-01,110.732,112.5,21,Africa,3900.0
2017-09-01,110.732,112.5,21,United States,100174.0
2017-09-01,110.732,112.5,21,Canada,22312.0
2017-09-01,110.732,112.5,21,Mexico,5742.0
2017-09-01,110.732,112.5,21,The rest of NA,1247.0
2017-09-01,110.732,112.5,21,Brazil,3778.0
2017-09-01,110.732,112.5,21,The rest of SA,4602.0
2017-09-01,110.732,112.5,21,Australia,44102.0
2017-09-01,110.732,112.5,21,New Zealand,6330.0
2017-09-01,110.732,112.5,21,The rest of Oceania,415.0
2017-09-01,110.732,112.5,21,Stateless,45.0
2017-10-01,112.935,113.42,22,South Korea,620936.0
2017-10-01,112.935,113.42,22,China,663815.0
2017-10-01,112.935,113.42,22,Taiwan,421094.0
2017-10-01,112.935,113.42,22,Hong Kong,171103.0
2017-10-01,112.935,113.42,22,Thailand,103536.0
2017-10-01,112.935,113.42,22,Singapore,32090.0
2017-10-01,112.935,113.42,22,Malaysia,39356.0
2017-10-01,112.935,113.42,22,Indonesia,27116.0
2017-10-01,112.935,113.42,22,Philippines,42097.0
2017-10-01,112.935,113.42,22,Vietnam,32461.0
2017-10-01,112.935,113.42,22,India,12497.0
2017-10-01,112.935,113.42,22,Macau,8216.0
2017-10-01,112.935,113.42,22,Israel,5206.0
2017-10-01,112.935,113.42,22,Mongolia,2245.0
2017-10-01,112.935,113.42,22,Turkey,1802.0
2017-10-01,112.935,113.42,22,The rest of Asia,17580.0
2017-10-01,112.935,113.42,22,United Kingdom,33227.0
2017-10-01,112.935,113.42,22,France,30173.0
2017-10-01,112.935,113.42,22,Germany,22081.0
2017-10-01,112.935,113.42,22,Italy,12555.0
2017-10-01,112.935,113.42,22,Russia,9315.0
2017-10-01,112.935,113.42,22,Spain,12047.0
2017-10-01,112.935,113.42,22,Sweden,5982.0
2017-10-01,112.935,113.42,22,Netherlands,7033.0
2017-10-01,112.935,113.42,22,Switzerland,5862.0
2017-10-01,112.935,113.42,22,Belgium,4037.0
2017-10-01,112.935,113.42,22,Finland,2605.0
2017-10-01,112.935,113.42,22,Poland,3040.0
2017-10-01,112.935,113.42,22,Denmark,3482.0
2017-10-01,112.935,113.42,22,Norway,1864.0
2017-10-01,112.935,113.42,22,Austria,2283.0
2017-10-01,112.935,113.42,22,Portugal,2423.0
2017-10-01,112.935,113.42,22,Ireland,1935.0
2017-10-01,112.935,113.42,22,The rest of Europe,10656.0
2017-10-01,112.935,113.42,22,Africa,3561.0
2017-10-01,112.935,113.42,22,United States,125930.0
2017-10-01,112.935,113.42,22,Canada,29398.0
2017-10-01,112.935,113.42,22,Mexico,6358.0
2017-10-01,112.935,113.42,22,The rest of NA,1309.0
2017-10-01,112.935,113.42,22,Brazil,4752.0
2017-10-01,112.935,113.42,22,The rest of SA,5997.0
2017-10-01,112.935,113.42,22,Australia,39421.0
2017-10-01,112.935,113.42,22,New Zealand,6251.0
2017-10-01,112.935,113.42,22,The rest of Oceania,362.0
2017-10-01,112.935,113.42,22,Stateless,59.0
2017-11-01,112.797,112.31,22,South Korea,622604.0
2017-11-01,112.797,112.31,22,China,567149.0
2017-11-01,112.797,112.31,22,Taiwan,363178.0
2017-11-01,112.797,112.31,22,Hong Kong,172926.0
2017-11-01,112.797,112.31,22,Thailand,94533.0
2017-11-01,112.797,112.31,22,Singapore,50521.0
2017-11-01,112.797,112.31,22,Malaysia,52219.0
2017-11-01,112.797,112.31,22,Indonesia,28549.0
2017-11-01,112.797,112.31,22,Philippines,40597.0
2017-11-01,112.797,112.31,22,Vietnam,24880.0
2017-11-01,112.797,112.31,22,India,10870.0
2017-11-01,112.797,112.31,22,Macau,7946.0
2017-11-01,112.797,112.31,22,Israel,2627.0
2017-11-01,112.797,112.31,22,Mongolia,2024.0
2017-11-01,112.797,112.31,22,Turkey,1585.0
2017-11-01,112.797,112.31,22,The rest of Asia,15319.0
2017-11-01,112.797,112.31,22,United Kingdom,25001.0
2017-11-01,112.797,112.31,22,France,19125.0
2017-11-01,112.797,112.31,22,Germany,15911.0
2017-11-01,112.797,112.31,22,Italy,9308.0
2017-11-01,112.797,112.31,22,Russia,7842.0
2017-11-01,112.797,112.31,22,Spain,7059.0
2017-11-01,112.797,112.31,22,Sweden,3785.0
2017-11-01,112.797,112.31,22,Netherlands,5220.0
2017-11-01,112.797,112.31,22,Switzerland,3213.0
2017-11-01,112.797,112.31,22,Belgium,2420.0
2017-11-01,112.797,112.31,22,Finland,1998.0
2017-11-01,112.797,112.31,22,Poland,2552.0
2017-11-01,112.797,112.31,22,Denmark,1859.0
2017-11-01,112.797,112.31,22,Norway,1447.0
2017-11-01,112.797,112.31,22,Austria,2021.0
2017-11-01,112.797,112.31,22,Portugal,1678.0
2017-11-01,112.797,112.31,22,Ireland,1513.0
2017-11-01,112.797,112.31,22,The rest of Europe,7847.0
2017-11-01,112.797,112.31,22,Africa,3053.0
2017-11-01,112.797,112.31,22,United States,114910.0
2017-11-01,112.797,112.31,22,Canada,25005.0
2017-11-01,112.797,112.31,22,Mexico,5141.0
2017-11-01,112.797,112.31,22,The rest of NA,951.0
2017-11-01,112.797,112.31,22,Brazil,3084.0
2017-11-01,112.797,112.31,22,The rest of SA,3748.0
2017-11-01,112.797,112.31,22,Australia,39189.0
2017-11-01,112.797,112.31,22,New Zealand,5094.0
2017-11-01,112.797,112.31,22,The rest of Oceania,520.0
2017-11-01,112.797,112.31,22,Stateless,58.0
2017-12-01,112.906,112.57,19,South Korea,678905.0
2017-12-01,112.906,112.57,19,China,564264.0
2017-12-01,112.906,112.57,19,Taiwan,319516.0
2017-12-01,112.906,112.57,19,Hong Kong,207243.0
2017-12-01,112.906,112.57,19,Thailand,115835.0
2017-12-01,112.906,112.57,19,Singapore,86433.0
2017-12-01,112.906,112.57,19,Malaysia,64712.0
2017-12-01,112.906,112.57,19,Indonesia,52343.0
2017-12-01,112.906,112.57,19,Philippines,48673.0
2017-12-01,112.906,112.57,19,Vietnam,19678.0
2017-12-01,112.906,112.57,19,India,8933.0
2017-12-01,112.906,112.57,19,Macau,13388.0
2017-12-01,112.906,112.57,19,Israel,1112.0
2017-12-01,112.906,112.57,19,Mongolia,1947.0
2017-12-01,112.906,112.57,19,Turkey,1143.0
2017-12-01,112.906,112.57,19,The rest of Asia,13659.0
2017-12-01,112.906,112.57,19,United Kingdom,22954.0
2017-12-01,112.906,112.57,19,France,17035.0
2017-12-01,112.906,112.57,19,Germany,11495.0
2017-12-01,112.906,112.57,19,Italy,9430.0
2017-12-01,112.906,112.57,19,Russia,5709.0
2017-12-01,112.906,112.57,19,Spain,5904.0
2017-12-01,112.906,112.57,19,Sweden,3514.0
2017-12-01,112.906,112.57,19,Netherlands,3694.0
2017-12-01,112.906,112.57,19,Switzerland,2888.0
2017-12-01,112.906,112.57,19,Belgium,1591.0
2017-12-01,112.906,112.57,19,Finland,2003.0
2017-12-01,112.906,112.57,19,Poland,1212.0
2017-12-01,112.906,112.57,19,Denmark,1304.0
2017-12-01,112.906,112.57,19,Norway,1161.0
2017-12-01,112.906,112.57,19,Austria,1263.0
2017-12-01,112.906,112.57,19,Portugal,2137.0
2017-12-01,112.906,112.57,19,Ireland,1227.0
2017-12-01,112.906,112.57,19,The rest of Europe,5390.0
2017-12-01,112.906,112.57,19,Africa,2519.0
2017-12-01,112.906,112.57,19,United States,116164.0
2017-12-01,112.906,112.57,19,Canada,27055.0
2017-12-01,112.906,112.57,19,Mexico,5331.0
2017-12-01,112.906,112.57,19,The rest of NA,935.0
2017-12-01,112.906,112.57,19,Brazil,3445.0
2017-12-01,112.906,112.57,19,The rest of SA,3680.0
2017-12-01,112.906,112.57,19,Australia,57292.0
2017-12-01,112.906,112.57,19,New Zealand,6778.0
2017-12-01,112.906,112.57,19,The rest of Oceania,300.0
2017-12-01,112.906,112.57,19,Stateless,68.0
2018-01-01,110.885,108.85,22,South Korea,803816.0
2018-01-01,110.885,108.85,22,China,632304.0
2018-01-01,110.885,108.85,22,Taiwan,350522.0
2018-01-01,110.885,108.85,22,Hong Kong,160520.0
2018-01-01,110.885,108.85,22,Thailand,82592.0
2018-01-01,110.885,108.85,22,Singapore,21169.0
2018-01-01,110.885,108.85,22,Malaysia,31112.0
2018-01-01,110.885,108.85,22,Indonesia,29870.0
2018-01-01,110.885,108.85,22,Philippines,31706.0
2018-01-01,110.885,108.85,22,Vietnam,27703.0
2018-01-01,110.885,108.85,22,India,11338.0
2018-01-01,110.885,108.85,22,Macau,6167.0
2018-01-01,110.885,108.85,22,Israel,942.0
2018-01-01,110.885,108.85,22,Mongolia,2409.0
2018-01-01,110.885,108.85,22,Turkey,1101.0
2018-01-01,110.885,108.85,22,The rest of Asia,14112.0
2018-01-01,110.885,108.85,22,United Kingdom,19913.0
2018-01-01,110.885,108.85,22,France,14602.0
2018-01-01,110.885,108.85,22,Germany,11066.0
2018-01-01,110.885,108.85,22,Italy,6391.0
2018-01-01,110.885,108.85,22,Russia,5689.0
2018-01-01,110.885,108.85,22,Spain,4167.0
2018-01-01,110.885,108.85,22,Sweden,3450.0
2018-01-01,110.885,108.85,22,Netherlands,3406.0
2018-01-01,110.885,108.85,22,Switzerland,2208.0
2018-01-01,110.885,108.85,22,Belgium,1498.0
2018-01-01,110.885,108.85,22,Finland,1864.0
2018-01-01,110.885,108.85,22,Poland,1811.0
2018-01-01,110.885,108.85,22,Denmark,1690.0
2018-01-01,110.885,108.85,22,Norway,1312.0
2018-01-01,110.885,108.85,22,Austria,1241.0
2018-01-01,110.885,108.85,22,Portugal,1346.0
2018-01-01,110.885,108.85,22,Ireland,1258.0
2018-01-01,110.885,108.85,22,The rest of Europe,5266.0
2018-01-01,110.885,108.85,22,Africa,2540.0
2018-01-01,110.885,108.85,22,United States,92014.0
2018-01-01,110.885,108.85,22,Canada,20459.0
2018-01-01,110.885,108.85,22,Mexico,3618.0
2018-01-01,110.885,108.85,22,The rest of NA,1151.0
2018-01-01,110.885,108.85,22,Brazil,3470.0
2018-01-01,110.885,108.85,22,The rest of SA,5353.0
2018-01-01,110.885,108.85,22,Australia,69924.0
2018-01-01,110.885,108.85,22,New Zealand,6804.0
2018-01-01,110.885,108.85,22,The rest of Oceania,453.0
2018-01-01,110.885,108.85,22,Stateless,62.0
2018-02-01,107.948,107.02,20,South Korea,708318.0
2018-02-01,107.948,107.02,20,China,716333.0
2018-02-01,107.948,107.02,20,Taiwan,400858.0
2018-02-01,107.948,107.02,20,Hong Kong,178482.0
2018-02-01,107.948,107.02,20,Thailand,82017.0
2018-02-01,107.948,107.02,20,Singapore,23496.0
2018-02-01,107.948,107.02,20,Malaysia,35319.0
2018-02-01,107.948,107.02,20,Indonesia,21103.0
2018-02-01,107.948,107.02,20,Philippines,27499.0
2018-02-01,107.948,107.02,20,Vietnam,23366.0
2018-02-01,107.948,107.02,20,India,7869.0
2018-02-01,107.948,107.02,20,Macau,8194.0
2018-02-01,107.948,107.02,20,Israel,1003.0
2018-02-01,107.948,107.02,20,Mongolia,1733.0
2018-02-01,107.948,107.02,20,Turkey,988.0
2018-02-01,107.948,107.02,20,The rest of Asia,10635.0
2018-02-01,107.948,107.02,20,United Kingdom,23892.0
2018-02-01,107.948,107.02,20,France,16252.0
2018-02-01,107.948,107.02,20,Germany,13204.0
2018-02-01,107.948,107.02,20,Italy,5942.0
2018-02-01,107.948,107.02,20,Russia,4937.0
2018-02-01,107.948,107.02,20,Spain,4173.0
2018-02-01,107.948,107.02,20,Sweden,3467.0
2018-02-01,107.948,107.02,20,Netherlands,3624.0
2018-02-01,107.948,107.02,20,Switzerland,2615.0
2018-02-01,107.948,107.02,20,Belgium,1699.0
2018-02-01,107.948,107.02,20,Finland,1783.0
2018-02-01,107.948,107.02,20,Poland,1625.0
2018-02-01,107.948,107.02,20,Denmark,1581.0
2018-02-01,107.948,107.02,20,Norway,1610.0
2018-02-01,107.948,107.02,20,Austria,1354.0
2018-02-01,107.948,107.02,20,Portugal,1528.0
2018-02-01,107.948,107.02,20,Ireland,1294.0
2018-02-01,107.948,107.02,20,The rest of Europe,4861.0
2018-02-01,107.948,107.02,20,Africa,2160.0
2018-02-01,107.948,107.02,20,United States,81924.0
2018-02-01,107.948,107.02,20,Canada,20843.0
2018-02-01,107.948,107.02,20,Mexico,3242.0
2018-02-01,107.948,107.02,20,The rest of NA,783.0
2018-02-01,107.948,107.02,20,Brazil,2224.0
2018-02-01,107.948,107.02,20,The rest of SA,4955.0
2018-02-01,107.948,107.02,20,Australia,45166.0
2018-02-01,107.948,107.02,20,New Zealand,5068.0
2018-02-01,107.948,107.02,20,The rest of Oceania,240.0
2018-02-01,107.948,107.02,20,Stateless,38.0
2018-03-01,106.076,106.44,21,South Korea,619196.0
2018-03-01,106.076,106.44,21,China,594920.0
2018-03-01,106.076,106.44,21,Taiwan,387338.0
2018-03-01,106.076,106.44,21,Hong Kong,195651.0
2018-03-01,106.076,106.44,21,Thailand,116213.0
2018-03-01,106.076,106.44,21,Singapore,38089.0
2018-03-01,106.076,106.44,21,Malaysia,47652.0
2018-03-01,106.076,106.44,21,Indonesia,32428.0
2018-03-01,106.076,106.44,21,Philippines,56103.0
2018-03-01,106.076,106.44,21,Vietnam,35235.0
2018-03-01,106.076,106.44,21,India,13832.0
2018-03-01,106.076,106.44,21,Macau,7417.0
2018-03-01,106.076,106.44,21,Israel,6013.0
2018-03-01,106.076,106.44,21,Mongolia,2322.0
2018-03-01,106.076,106.44,21,Turkey,2127.0
2018-03-01,106.076,106.44,21,The rest of Asia,18445.0
2018-03-01,106.076,106.44,21,United Kingdom,36398.0
2018-03-01,106.076,106.44,21,France,25332.0
2018-03-01,106.076,106.44,21,Germany,24923.0
2018-03-01,106.076,106.44,21,Italy,13244.0
2018-03-01,106.076,106.44,21,Russia,8916.0
2018-03-01,106.076,106.44,21,Spain,11524.0
2018-03-01,106.076,106.44,21,Sweden,6290.0
2018-03-01,106.076,106.44,21,Netherlands,5612.0
2018-03-01,106.076,106.44,21,Switzerland,5627.0
2018-03-01,106.076,106.44,21,Belgium,3158.0
2018-03-01,106.076,106.44,21,Finland,2662.0
2018-03-01,106.076,106.44,21,Poland,3321.0
2018-03-01,106.076,106.44,21,Denmark,3814.0
2018-03-01,106.076,106.44,21,Norway,3545.0
2018-03-01,106.076,106.44,21,Austria,2326.0
2018-03-01,106.076,106.44,21,Portugal,2453.0
2018-03-01,106.076,106.44,21,Ireland,2178.0
2018-03-01,106.076,106.44,21,The rest of Europe,10295.0
2018-03-01,106.076,106.44,21,Africa,3299.0
2018-03-01,106.076,106.44,21,United States,150964.0
2018-03-01,106.076,106.44,21,Canada,34886.0
2018-03-01,106.076,106.44,21,Mexico,7982.0
2018-03-01,106.076,106.44,21,The rest of NA,1432.0
2018-03-01,106.076,106.44,21,Brazil,4445.0
2018-03-01,106.076,106.44,21,The rest of SA,6814.0
2018-03-01,106.076,106.44,21,Australia,47472.0
2018-03-01,106.076,106.44,21,New Zealand,5642.0
2018-03-01,106.076,106.44,21,The rest of Oceania,346.0
2018-03-01,106.076,106.44,21,Stateless,75.0
2018-04-01,107.659,109.38,20,South Korea,638523.0
2018-04-01,107.659,109.38,20,China,683377.0
2018-04-01,107.659,109.38,20,Taiwan,470042.0
2018-04-01,107.659,109.38,20,Hong Kong,179930.0
2018-04-01,107.659,109.38,20,Thailand,148647.0
2018-04-01,107.659,109.38,20,Singapore,37605.0
2018-04-01,107.659,109.38,20,Malaysia,49212.0
2018-04-01,107.659,109.38,20,Indonesia,43103.0
2018-04-01,107.659,109.38,20,Philippines,63893.0
2018-04-01,107.659,109.38,20,Vietnam,50299.0
2018-04-01,107.659,109.38,20,India,17713.0
2018-04-01,107.659,109.38,20,Macau,7454.0
2018-04-01,107.659,109.38,20,Israel,6822.0
2018-04-01,107.659,109.38,20,Mongolia,2363.0
2018-04-01,107.659,109.38,20,Turkey,2691.0
2018-04-01,107.659,109.38,20,The rest of Asia,29327.0
2018-04-01,107.659,109.38,20,United Kingdom,36185.0
2018-04-01,107.659,109.38,20,France,44047.0
2018-04-01,107.659,109.38,20,Germany,22112.0
2018-04-01,107.659,109.38,20,Italy,17762.0
2018-04-01,107.659,109.38,20,Russia,12375.0
2018-04-01,107.659,109.38,20,Spain,9207.0
2018-04-01,107.659,109.38,20,Sweden,6155.0
2018-04-01,107.659,109.38,20,Netherlands,8789.0
2018-04-01,107.659,109.38,20,Switzerland,6454.0
2018-04-01,107.659,109.38,20,Belgium,4209.0
2018-04-01,107.659,109.38,20,Finland,2868.0
2018-04-01,107.659,109.38,20,Poland,5500.0
2018-04-01,107.659,109.38,20,Denmark,2785.0
2018-04-01,107.659,109.38,20,Norway,1834.0
2018-04-01,107.659,109.38,20,Austria,2295.0
2018-04-01,107.659,109.38,20,Portugal,2464.0
2018-04-01,107.659,109.38,20,Ireland,1889.0
2018-04-01,107.659,109.38,20,The rest of Europe,13755.0
2018-04-01,107.659,109.38,20,Africa,3774.0
2018-04-01,107.659,109.38,20,United States,147028.0
2018-04-01,107.659,109.38,20,Canada,34255.0
2018-04-01,107.659,109.38,20,Mexico,5287.0
2018-04-01,107.659,109.38,20,The rest of NA,1275.0
2018-04-01,107.659,109.38,20,Brazil,5184.0
2018-04-01,107.659,109.38,20,The rest of SA,6662.0
2018-04-01,107.659,109.38,20,Australia,57432.0
2018-04-01,107.659,109.38,20,New Zealand,7696.0
2018-04-01,107.659,109.38,20,The rest of Oceania,368.0
2018-04-01,107.659,109.38,20,Stateless,71.0
2018-05-01,109.693,108.84,22,South Korea,640355.0
2018-05-01,109.693,108.84,22,China,668600.0
2018-05-01,109.693,108.84,22,Taiwan,440109.0
2018-05-01,109.693,108.84,22,Hong Kong,190505.0
2018-05-01,109.693,108.84,22,Thailand,103554.0
2018-05-01,109.693,108.84,22,Singapore,39385.0
2018-05-01,109.693,108.84,22,Malaysia,36420.0
2018-05-01,109.693,108.84,22,Indonesia,31460.0
2018-05-01,109.693,108.84,22,Philippines,59016.0
2018-05-01,109.693,108.84,22,Vietnam,28172.0
2018-05-01,109.693,108.84,22,India,17271.0
2018-05-01,109.693,108.84,22,Macau,8084.0
2018-05-01,109.693,108.84,22,Israel,2757.0
2018-05-01,109.693,108.84,22,Mongolia,2091.0
2018-05-01,109.693,108.84,22,Turkey,1646.0
2018-05-01,109.693,108.84,22,The rest of Asia,14462.0
2018-05-01,109.693,108.84,22,United Kingdom,30310.0
2018-05-01,109.693,108.84,22,France,29583.0
2018-05-01,109.693,108.84,22,Germany,20364.0
2018-05-01,109.693,108.84,22,Italy,12182.0
2018-05-01,109.693,108.84,22,Russia,7450.0
2018-05-01,109.693,108.84,22,Spain,9303.0
2018-05-01,109.693,108.84,22,Sweden,4247.0
2018-05-01,109.693,108.84,22,Netherlands,6934.0
2018-05-01,109.693,108.84,22,Switzerland,4755.0
2018-05-01,109.693,108.84,22,Belgium,2976.0
2018-05-01,109.693,108.84,22,Finland,2553.0
2018-05-01,109.693,108.84,22,Poland,3727.0
2018-05-01,109.693,108.84,22,Denmark,2003.0
2018-05-01,109.693,108.84,22,Norway,1475.0
2018-05-01,109.693,108.84,22,Austria,2339.0
2018-05-01,109.693,108.84,22,Portugal,2118.0
2018-05-01,109.693,108.84,22,Ireland,1937.0
2018-05-01,109.693,108.84,22,The rest of Europe,10027.0
2018-05-01,109.693,108.84,22,Africa,2707.0
2018-05-01,109.693,108.84,22,United States,140463.0
2018-05-01,109.693,108.84,22,Canada,31417.0
2018-05-01,109.693,108.84,22,Mexico,5763.0
2018-05-01,109.693,108.84,22,The rest of NA,1087.0
2018-05-01,109.693,108.84,22,Brazil,4067.0
2018-05-01,109.693,108.84,22,The rest of SA,5695.0
2018-05-01,109.693,108.84,22,Australia,39563.0
2018-05-01,109.693,108.84,22,New Zealand,5665.0
2018-05-01,109.693,108.84,22,The rest of Oceania,399.0
2018-05-01,109.693,108.84,22,Stateless,56.0
2018-06-01,110.058,110.69,21,South Korea,606162.0
2018-06-01,110.058,110.69,21,China,760949.0
2018-06-01,110.058,110.69,21,Taiwan,456895.0
2018-06-01,110.058,110.69,21,Hong Kong,205549.0
2018-06-01,110.058,110.69,21,Thailand,73642.0
2018-06-01,110.058,110.69,21,Singapore,39975.0
2018-06-01,110.058,110.69,21,Malaysia,36462.0
2018-06-01,110.058,110.69,21,Indonesia,56157.0
2018-06-01,110.058,110.69,21,Philippines,37354.0
2018-06-01,110.058,110.69,21,Vietnam,29476.0
2018-06-01,110.058,110.69,21,India,12485.0
2018-06-01,110.058,110.69,21,Macau,8304.0
2018-06-01,110.058,110.69,21,Israel,1538.0
2018-06-01,110.058,110.69,21,Mongolia,1994.0
2018-06-01,110.058,110.69,21,Turkey,1566.0
2018-06-01,110.058,110.69,21,The rest of Asia,12525.0
2018-06-01,110.058,110.69,21,United Kingdom,22550.0
2018-06-01,110.058,110.69,21,France,19381.0
2018-06-01,110.058,110.69,21,Germany,14421.0
2018-06-01,110.058,110.69,21,Italy,11044.0
2018-06-01,110.058,110.69,21,Russia,7048.0
2018-06-01,110.058,110.69,21,Spain,8288.0
2018-06-01,110.058,110.69,21,Sweden,5376.0
2018-06-01,110.058,110.69,21,Netherlands,4481.0
2018-06-01,110.058,110.69,21,Switzerland,3062.0
2018-06-01,110.058,110.69,21,Belgium,2122.0
2018-06-01,110.058,110.69,21,Finland,2679.0
2018-06-01,110.058,110.69,21,Poland,2488.0
2018-06-01,110.058,110.69,21,Denmark,1885.0
2018-06-01,110.058,110.69,21,Norway,2237.0
2018-06-01,110.058,110.69,21,Austria,1602.0
2018-06-01,110.058,110.69,21,Portugal,1807.0
2018-06-01,110.058,110.69,21,Ireland,1725.0
2018-06-01,110.058,110.69,21,The rest of Europe,7848.0
2018-06-01,110.058,110.69,21,Africa,2845.0
2018-06-01,110.058,110.69,21,United States,161736.0
2018-06-01,110.058,110.69,21,Canada,23914.0
2018-06-01,110.058,110.69,21,Mexico,5610.0
2018-06-01,110.058,110.69,21,The rest of NA,1080.0
2018-06-01,110.058,110.69,21,Brazil,2806.0
2018-06-01,110.058,110.69,21,The rest of SA,4110.0
2018-06-01,110.058,110.69,21,Australia,35782.0
2018-06-01,110.058,110.69,21,New Zealand,5140.0
2018-06-01,110.058,110.69,21,The rest of Oceania,466.0
2018-06-01,110.058,110.69,21,Stateless,65.0
2018-07-01,111.447,111.49,22,South Korea,607953.0
2018-07-01,111.447,111.49,22,China,879097.0
2018-07-01,111.447,111.49,22,Taiwan,460473.0
2018-07-01,111.447,111.49,22,Hong Kong,226755.0
2018-07-01,111.447,111.49,22,Thailand,74402.0
2018-07-01,111.447,111.49,22,Singapore,21383.0
2018-07-01,111.447,111.49,22,Malaysia,23088.0
2018-07-01,111.447,111.49,22,Indonesia,26495.0
2018-07-01,111.447,111.49,22,Philippines,28965.0
2018-07-01,111.447,111.49,22,Vietnam,33492.0
2018-07-01,111.447,111.49,22,India,12429.0
2018-07-01,111.447,111.49,22,Macau,14645.0
2018-07-01,111.447,111.49,22,Israel,2182.0
2018-07-01,111.447,111.49,22,Mongolia,2277.0
2018-07-01,111.447,111.49,22,Turkey,1809.0
2018-07-01,111.447,111.49,22,The rest of Asia,15307.0
2018-07-01,111.447,111.49,22,United Kingdom,26508.0
2018-07-01,111.447,111.49,22,France,33255.0
2018-07-01,111.447,111.49,22,Germany,17160.0
2018-07-01,111.447,111.49,22,Italy,13540.0
2018-07-01,111.447,111.49,22,Russia,7768.0
2018-07-01,111.447,111.49,22,Spain,13486.0
2018-07-01,111.447,111.49,22,Sweden,4377.0
2018-07-01,111.447,111.49,22,Netherlands,9130.0
2018-07-01,111.447,111.49,22,Switzerland,6689.0
2018-07-01,111.447,111.49,22,Belgium,4832.0
2018-07-01,111.447,111.49,22,Finland,2058.0
2018-07-01,111.447,111.49,22,Poland,2739.0
2018-07-01,111.447,111.49,22,Denmark,4304.0
2018-07-01,111.447,111.49,22,Norway,2970.0
2018-07-01,111.447,111.49,22,Austria,2537.0
2018-07-01,111.447,111.49,22,Portugal,2448.0
2018-07-01,111.447,111.49,22,Ireland,1781.0
2018-07-01,111.447,111.49,22,The rest of Europe,8868.0
2018-07-01,111.447,111.49,22,Africa,3436.0
2018-07-01,111.447,111.49,22,United States,146716.0
2018-07-01,111.447,111.49,22,Canada,27252.0
2018-07-01,111.447,111.49,22,Mexico,9186.0
2018-07-01,111.447,111.49,22,The rest of NA,1129.0
2018-07-01,111.447,111.49,22,Brazil,4448.0
2018-07-01,111.447,111.49,22,The rest of SA,4738.0
2018-07-01,111.447,111.49,22,Australia,33863.0
2018-07-01,111.447,111.49,22,New Zealand,5523.0
2018-07-01,111.447,111.49,22,The rest of Oceania,493.0
2018-07-01,111.447,111.49,22,Stateless,54.0
2018-08-01,111.003,110.76,23,South Korea,593941.0
2018-08-01,111.003,110.76,23,China,860121.0
2018-08-01,111.003,110.76,23,Taiwan,394551.0
2018-08-01,111.003,110.76,23,Hong Kong,198127.0
2018-08-01,111.003,110.76,23,Thailand,47507.0
2018-08-01,111.003,110.76,23,Singapore,16332.0
2018-08-01,111.003,110.76,23,Malaysia,20143.0
2018-08-01,111.003,110.76,23,Indonesia,17470.0
2018-08-01,111.003,110.76,23,Philippines,24714.0
2018-08-01,111.003,110.76,23,Vietnam,34229.0
2018-08-01,111.003,110.76,23,India,10509.0
2018-08-01,111.003,110.76,23,Macau,15842.0
2018-08-01,111.003,110.76,23,Israel,2311.0
2018-08-01,111.003,110.76,23,Mongolia,2323.0
2018-08-01,111.003,110.76,23,Turkey,2011.0
2018-08-01,111.003,110.76,23,The rest of Asia,15017.0
2018-08-01,111.003,110.76,23,United Kingdom,24164.0
2018-08-01,111.003,110.76,23,France,28195.0
2018-08-01,111.003,110.76,23,Germany,16206.0
2018-08-01,111.003,110.76,23,Italy,22055.0
2018-08-01,111.003,110.76,23,Russia,6729.0
2018-08-01,111.003,110.76,23,Spain,19265.0
2018-08-01,111.003,110.76,23,Sweden,2633.0
2018-08-01,111.003,110.76,23,Netherlands,5471.0
2018-08-01,111.003,110.76,23,Switzerland,3346.0
2018-08-01,111.003,110.76,23,Belgium,2502.0
2018-08-01,111.003,110.76,23,Finland,1398.0
2018-08-01,111.003,110.76,23,Poland,2573.0
2018-08-01,111.003,110.76,23,Denmark,1551.0
2018-08-01,111.003,110.76,23,Norway,1038.0
2018-08-01,111.003,110.76,23,Austria,2022.0
2018-08-01,111.003,110.76,23,Portugal,2589.0
2018-08-01,111.003,110.76,23,Ireland,1424.0
2018-08-01,111.003,110.76,23,The rest of Europe,7943.0
2018-08-01,111.003,110.76,23,Africa,3076.0
2018-08-01,111.003,110.76,23,United States,103092.0
2018-08-01,111.003,110.76,23,Canada,24951.0
2018-08-01,111.003,110.76,23,Mexico,4759.0
2018-08-01,111.003,110.76,23,The rest of NA,1065.0
2018-08-01,111.003,110.76,23,Brazil,2654.0
2018-08-01,111.003,110.76,23,The rest of SA,3723.0
2018-08-01,111.003,110.76,23,Australia,23729.0
2018-08-01,111.003,110.76,23,New Zealand,4194.0
2018-08-01,111.003,110.76,23,The rest of Oceania,490.0
2018-08-01,111.003,110.76,23,Stateless,36.0
2018-09-01,111.96,113.36,20,South Korea,479733.0
2018-09-01,111.96,113.36,20,China,652740.0
2018-09-01,111.96,113.36,20,Taiwan,329142.0
2018-09-01,111.96,113.36,20,Hong Kong,126174.0
2018-09-01,111.96,113.36,20,Thailand,54422.0
2018-09-01,111.96,113.36,20,Singapore,23366.0
2018-09-01,111.96,113.36,20,Malaysia,26667.0
2018-09-01,111.96,113.36,20,Indonesia,24437.0
2018-09-01,111.96,113.36,20,Philippines,24779.0
2018-09-01,111.96,113.36,20,Vietnam,29270.0
2018-09-01,111.96,113.36,20,India,13310.0
2018-09-01,111.96,113.36,20,Macau,5241.0
2018-09-01,111.96,113.36,20,Israel,7091.0
2018-09-01,111.96,113.36,20,Mongolia,2695.0
2018-09-01,111.96,113.36,20,Turkey,1356.0
2018-09-01,111.96,113.36,20,The rest of Asia,16612.0
2018-09-01,111.96,113.36,20,United Kingdom,26904.0
2018-09-01,111.96,113.36,20,France,20143.0
2018-09-01,111.96,113.36,20,Germany,20006.0
2018-09-01,111.96,113.36,20,Italy,12273.0
2018-09-01,111.96,113.36,20,Russia,7555.0
2018-09-01,111.96,113.36,20,Spain,10566.0
2018-09-01,111.96,113.36,20,Sweden,3715.0
2018-09-01,111.96,113.36,20,Netherlands,6432.0
2018-09-01,111.96,113.36,20,Switzerland,4331.0
2018-09-01,111.96,113.36,20,Belgium,2982.0
2018-09-01,111.96,113.36,20,Finland,1976.0
2018-09-01,111.96,113.36,20,Poland,3038.0
2018-09-01,111.96,113.36,20,Denmark,2218.0
2018-09-01,111.96,113.36,20,Norway,1663.0
2018-09-01,111.96,113.36,20,Austria,2268.0
2018-09-01,111.96,113.36,20,Portugal,2085.0
2018-09-01,111.96,113.36,20,Ireland,1775.0
2018-09-01,111.96,113.36,20,The rest of Europe,9214.0
2018-09-01,111.96,113.36,20,Africa,3833.0
2018-09-01,111.96,113.36,20,United States,104637.0
2018-09-01,111.96,113.36,20,Canada,23100.0
2018-09-01,111.96,113.36,20,Mexico,5619.0
2018-09-01,111.96,113.36,20,The rest of NA,1389.0
2018-09-01,111.96,113.36,20,Brazil,3524.0
2018-09-01,111.96,113.36,20,The rest of SA,5257.0
2018-09-01,111.96,113.36,20,Australia,48617.0
2018-09-01,111.96,113.36,20,New Zealand,6975.0
2018-09-01,111.96,113.36,20,The rest of Oceania,420.0
2018-09-01,111.96,113.36,20,Stateless,45.0
2018-10-01,112.867,113.23,23,South Korea,571176.0
2018-10-01,112.867,113.23,23,China,715255.0
2018-10-01,112.867,113.23,23,Taiwan,379633.0
2018-10-01,112.867,113.23,23,Hong Kong,169473.0
2018-10-01,112.867,113.23,23,Thailand,117949.0
2018-10-01,112.867,113.23,23,Singapore,35123.0
2018-10-01,112.867,113.23,23,Malaysia,39139.0
2018-10-01,112.867,113.23,23,Indonesia,28253.0
2018-10-01,112.867,113.23,23,Philippines,47316.0
2018-10-01,112.867,113.23,23,Vietnam,39421.0
2018-10-01,112.867,113.23,23,India,13736.0
2018-10-01,112.867,113.23,23,Macau,7732.0
2018-10-01,112.867,113.23,23,Israel,3891.0
2018-10-01,112.867,113.23,23,Mongolia,2354.0
2018-10-01,112.867,113.23,23,Turkey,1871.0
2018-10-01,112.867,113.23,23,The rest of Asia,18687.0
2018-10-01,112.867,113.23,23,United Kingdom,36850.0
2018-10-01,112.867,113.23,23,France,34320.0
2018-10-01,112.867,113.23,23,Germany,24864.0
2018-10-01,112.867,113.23,23,Italy,15064.0
2018-10-01,112.867,113.23,23,Russia,10778.0
2018-10-01,112.867,113.23,23,Spain,14090.0
2018-10-01,112.867,113.23,23,Sweden,6041.0
2018-10-01,112.867,113.23,23,Netherlands,8195.0
2018-10-01,112.867,113.23,23,Switzerland,6594.0
2018-10-01,112.867,113.23,23,Belgium,4005.0
2018-10-01,112.867,113.23,23,Finland,3211.0
2018-10-01,112.867,113.23,23,Poland,3596.0
2018-10-01,112.867,113.23,23,Denmark,3756.0
2018-10-01,112.867,113.23,23,Norway,2048.0
2018-10-01,112.867,113.23,23,Austria,2999.0
2018-10-01,112.867,113.23,23,Portugal,2758.0
2018-10-01,112.867,113.23,23,Ireland,2105.0
2018-10-01,112.867,113.23,23,The rest of Europe,11770.0
2018-10-01,112.867,113.23,23,Africa,4269.0
2018-10-01,112.867,113.23,23,United States,143977.0
2018-10-01,112.867,113.23,23,Canada,33753.0
2018-10-01,112.867,113.23,23,Mexico,6903.0
2018-10-01,112.867,113.23,23,The rest of NA,1550.0
2018-10-01,112.867,113.23,23,Brazil,4617.0
2018-10-01,112.867,113.23,23,The rest of SA,5921.0
2018-10-01,112.867,113.23,23,Australia,47444.0
2018-10-01,112.867,113.23,23,New Zealand,7596.0
2018-10-01,112.867,113.23,23,The rest of Oceania,466.0
2018-10-01,112.867,113.23,23,Stateless,61.0
2018-11-01,113.303,113.56,22,South Korea,588213.0
2018-11-01,113.303,113.56,22,China,617252.0
2018-11-01,113.303,113.56,22,Taiwan,351905.0
2018-11-01,113.303,113.56,22,Hong Kong,167184.0
2018-11-01,113.303,113.56,22,Thailand,102911.0
2018-11-01,113.303,113.56,22,Singapore,54274.0
2018-11-01,113.303,113.56,22,Malaysia,55519.0
2018-11-01,113.303,113.56,22,Indonesia,32110.0
2018-11-01,113.303,113.56,22,Philippines,46965.0
2018-11-01,113.303,113.56,22,Vietnam,33986.0
2018-11-01,113.303,113.56,22,India,13265.0
2018-11-01,113.303,113.56,22,Macau,7287.0
2018-11-01,113.303,113.56,22,Israel,3447.0
2018-11-01,113.303,113.56,22,Mongolia,2626.0
2018-11-01,113.303,113.56,22,Turkey,1480.0
2018-11-01,113.303,113.56,22,The rest of Asia,16384.0
2018-11-01,113.303,113.56,22,United Kingdom,27417.0
2018-11-01,113.303,113.56,22,France,22058.0
2018-11-01,113.303,113.56,22,Germany,18544.0
2018-11-01,113.303,113.56,22,Italy,11621.0
2018-11-01,113.303,113.56,22,Russia,9272.0
2018-11-01,113.303,113.56,22,Spain,8842.0
2018-11-01,113.303,113.56,22,Sweden,4372.0
2018-11-01,113.303,113.56,22,Netherlands,5809.0
2018-11-01,113.303,113.56,22,Switzerland,3552.0
2018-11-01,113.303,113.56,22,Belgium,2729.0
2018-11-01,113.303,113.56,22,Finland,2091.0
2018-11-01,113.303,113.56,22,Poland,2953.0
2018-11-01,113.303,113.56,22,Denmark,2121.0
2018-11-01,113.303,113.56,22,Norway,1553.0
2018-11-01,113.303,113.56,22,Austria,1923.0
2018-11-01,113.303,113.56,22,Portugal,2477.0
2018-11-01,113.303,113.56,22,Ireland,1658.0
2018-11-01,113.303,113.56,22,The rest of Europe,9613.0
2018-11-01,113.303,113.56,22,Africa,3399.0
2018-11-01,113.303,113.56,22,United States,127006.0
2018-11-01,113.303,113.56,22,Canada,27638.0
2018-11-01,113.303,113.56,22,Mexico,5313.0
2018-11-01,113.303,113.56,22,The rest of NA,1233.0
2018-11-01,113.303,113.56,22,Brazil,3308.0
2018-11-01,113.303,113.56,22,The rest of SA,3804.0
2018-11-01,113.303,113.56,22,Australia,39840.0
2018-11-01,113.303,113.56,22,New Zealand,5315.0
2018-11-01,113.303,113.56,22,The rest of Oceania,425.0
2018-11-01,113.303,113.56,22,Stateless,57.0
2018-12-01,112.332,109.91,19,South Korea,681566.0
2018-12-01,112.332,109.91,19,China,599086.0
2018-12-01,112.332,109.91,19,Taiwan,335790.0
2018-12-01,112.332,109.91,19,Hong Kong,209454.0
2018-12-01,112.332,109.91,19,Thailand,128304.0
2018-12-01,112.332,109.91,19,Singapore,87083.0
2018-12-01,112.332,109.91,19,Malaysia,67627.0
2018-12-01,112.332,109.91,19,Indonesia,53966.0
2018-12-01,112.332,109.91,19,Philippines,55666.0
2018-12-01,112.332,109.91,19,Vietnam,24356.0
2018-12-01,112.332,109.91,19,India,10272.0
2018-12-01,112.332,109.91,19,Macau,12327.0
2018-12-01,112.332,109.91,19,Israel,1196.0
2018-12-01,112.332,109.91,19,Mongolia,2460.0
2018-12-01,112.332,109.91,19,Turkey,1116.0
2018-12-01,112.332,109.91,19,The rest of Asia,15399.0
2018-12-01,112.332,109.91,19,United Kingdom,22888.0
2018-12-01,112.332,109.91,19,France,17728.0
2018-12-01,112.332,109.91,19,Germany,12466.0
2018-12-01,112.332,109.91,19,Italy,8942.0
2018-12-01,112.332,109.91,19,Russia,6293.0
2018-12-01,112.332,109.91,19,Spain,5990.0
2018-12-01,112.332,109.91,19,Sweden,3699.0
2018-12-01,112.332,109.91,19,Netherlands,4186.0
2018-12-01,112.332,109.91,19,Switzerland,2866.0
2018-12-01,112.332,109.91,19,Belgium,1675.0
2018-12-01,112.332,109.91,19,Finland,1973.0
2018-12-01,112.332,109.91,19,Poland,1335.0
2018-12-01,112.332,109.91,19,Denmark,1455.0
2018-12-01,112.332,109.91,19,Norway,1284.0
2018-12-01,112.332,109.91,19,Austria,1281.0
2018-12-01,112.332,109.91,19,Portugal,2433.0
2018-12-01,112.332,109.91,19,Ireland,1295.0
2018-12-01,112.332,109.91,19,The rest of Europe,5679.0
2018-12-01,112.332,109.91,19,Africa,2813.0
2018-12-01,112.332,109.91,19,United States,126850.0
2018-12-01,112.332,109.91,19,Canada,28132.0
2018-12-01,112.332,109.91,19,Mexico,5166.0
2018-12-01,112.332,109.91,19,The rest of NA,1090.0
2018-12-01,112.332,109.91,19,Brazil,3454.0
2018-12-01,112.332,109.91,19,The rest of SA,3571.0
2018-12-01,112.332,109.91,19,Australia,63608.0
2018-12-01,112.332,109.91,19,New Zealand,7590.0
2018-12-01,112.332,109.91,19,The rest of Oceania,313.0
2018-12-01,112.332,109.91,19,Stateless,53.0
2019-01-01,108.916,108.64,22,South Korea,779383.0
2019-01-01,108.916,108.64,22,China,754421.0
2019-01-01,108.916,108.64,22,Taiwan,387498.0
2019-01-01,108.916,108.64,22,Hong Kong,154292.0
2019-01-01,108.916,108.64,22,Thailand,92649.0
2019-01-01,108.916,108.64,22,Singapore,22676.0
2019-01-01,108.916,108.64,22,Malaysia,31399.0
2019-01-01,108.916,108.64,22,Indonesia,32477.0
2019-01-01,108.916,108.64,22,Philippines,35987.0
2019-01-01,108.916,108.64,22,Vietnam,35375.0
2019-01-01,108.916,108.64,22,India,12468.0
2019-01-01,108.916,108.64,22,Macau,6608.0
2019-01-01,108.916,108.64,22,Israel,1107.0
2019-01-01,108.916,108.64,22,Mongolia,2893.0
2019-01-01,108.916,108.64,22,Turkey,1153.0
2019-01-01,108.916,108.64,22,The rest of Asia,16558.0
2019-01-01,108.916,108.64,22,United Kingdom,21554.0
2019-01-01,108.916,108.64,22,France,15320.0
2019-01-01,108.916,108.64,22,Germany,11358.0
2019-01-01,108.916,108.64,22,Italy,6033.0
2019-01-01,108.916,108.64,22,Russia,6316.0
2019-01-01,108.916,108.64,22,Spain,4382.0
2019-01-01,108.916,108.64,22,Sweden,3509.0
2019-01-01,108.916,108.64,22,Netherlands,3321.0
2019-01-01,108.916,108.64,22,Switzerland,2399.0
2019-01-01,108.916,108.64,22,Belgium,1572.0
2019-01-01,108.916,108.64,22,Finland,1875.0
2019-01-01,108.916,108.64,22,Poland,1517.0
2019-01-01,108.916,108.64,22,Denmark,1544.0
2019-01-01,108.916,108.64,22,Norway,1537.0
2019-01-01,108.916,108.64,22,Austria,1382.0
2019-01-01,108.916,108.64,22,Portugal,1587.0
2019-01-01,108.916,108.64,22,Ireland,1316.0
2019-01-01,108.916,108.64,22,The rest of Europe,5815.0
2019-01-01,108.916,108.64,22,Africa,2777.0
2019-01-01,108.916,108.64,22,United States,103191.0
2019-01-01,108.916,108.64,22,Canada,22293.0
2019-01-01,108.916,108.64,22,Mexico,3615.0
2019-01-01,108.916,108.64,22,The rest of NA,1241.0
2019-01-01,108.916,108.64,22,Brazil,2935.0
2019-01-01,108.916,108.64,22,The rest of SA,4485.0
2019-01-01,108.916,108.64,22,Australia,81063.0
2019-01-01,108.916,108.64,22,New Zealand,7920.0
2019-01-01,108.916,108.64,22,The rest of Oceania,493.0
2019-01-01,108.916,108.64,22,Stateless,45.0
2019-02-01,110.368,110.76,20,South Korea,715804.0
2019-02-01,110.368,110.76,20,China,723617.0
2019-02-01,110.368,110.76,20,Taiwan,399829.0
2019-02-01,110.368,110.76,20,Hong Kong,179324.0
2019-02-01,110.368,110.76,20,Thailand,107845.0
2019-02-01,110.368,110.76,20,Singapore,26102.0
2019-02-01,110.368,110.76,20,Malaysia,36660.0
2019-02-01,110.368,110.76,20,Indonesia,24622.0
2019-02-01,110.368,110.76,20,Philippines,35170.0
2019-02-01,110.368,110.76,20,Vietnam,39377.0
2019-02-01,110.368,110.76,20,India,9071.0
2019-02-01,110.368,110.76,20,Macau,7933.0
2019-02-01,110.368,110.76,20,Israel,1524.0
2019-02-01,110.368,110.76,20,Mongolia,2108.0
2019-02-01,110.368,110.76,20,Turkey,1105.0
2019-02-01,110.368,110.76,20,The rest of Asia,13167.0
2019-02-01,110.368,110.76,20,United Kingdom,23554.0
2019-02-01,110.368,110.76,20,France,17397.0
2019-02-01,110.368,110.76,20,Germany,13384.0
2019-02-01,110.368,110.76,20,Italy,5897.0
2019-02-01,110.368,110.76,20,Russia,5601.0
2019-02-01,110.368,110.76,20,Spain,4533.0
2019-02-01,110.368,110.76,20,Sweden,3228.0
2019-02-01,110.368,110.76,20,Netherlands,4139.0
2019-02-01,110.368,110.76,20,Switzerland,2568.0
2019-02-01,110.368,110.76,20,Belgium,1849.0
2019-02-01,110.368,110.76,20,Finland,2213.0
2019-02-01,110.368,110.76,20,Poland,1591.0
2019-02-01,110.368,110.76,20,Denmark,1843.0
2019-02-01,110.368,110.76,20,Norway,1640.0
2019-02-01,110.368,110.76,20,Austria,1479.0
2019-02-01,110.368,110.76,20,Portugal,1571.0
2019-02-01,110.368,110.76,20,Ireland,1333.0
2019-02-01,110.368,110.76,20,The rest of Europe,5679.0
2019-02-01,110.368,110.76,20,Africa,2337.0
2019-02-01,110.368,110.76,20,United States,92669.0
2019-02-01,110.368,110.76,20,Canada,23883.0
2019-02-01,110.368,110.76,20,Mexico,2889.0
2019-02-01,110.368,110.76,20,The rest of NA,891.0
2019-02-01,110.368,110.76,20,Brazil,2122.0
2019-02-01,110.368,110.76,20,The rest of SA,3761.0
2019-02-01,110.368,110.76,20,Australia,47658.0
2019-02-01,110.368,110.76,20,New Zealand,5068.0
2019-02-01,110.368,110.76,20,The rest of Oceania,239.0
2019-02-01,110.368,110.76,20,Stateless,48.0
2019-03-01,111.191,110.77,21,South Korea,585586.0
2019-03-01,111.191,110.77,21,China,691279.0
2019-03-01,111.191,110.77,21,Taiwan,402433.0
2019-03-01,111.191,110.77,21,Hong Kong,171430.0
2019-03-01,111.191,110.77,21,Thailand,147443.0
2019-03-01,111.191,110.77,21,Singapore,43687.0
2019-03-01,111.191,110.77,21,Malaysia,50615.0
2019-03-01,111.191,110.77,21,Indonesia,39609.0
2019-03-01,111.191,110.77,21,Philippines,48277.0
2019-03-01,111.191,110.77,21,Vietnam,47881.0
2019-03-01,111.191,110.77,21,India,17752.0
2019-03-01,111.191,110.77,21,Macau,8045.0
2019-03-01,111.191,110.77,21,Israel,6032.0
2019-03-01,111.191,110.77,21,Mongolia,2989.0
2019-03-01,111.191,110.77,21,Turkey,2181.0
2019-03-01,111.191,110.77,21,The rest of Asia,22211.0
2019-03-01,111.191,110.77,21,United Kingdom,38610.0
2019-03-01,111.191,110.77,21,France,29408.0
2019-03-01,111.191,110.77,21,Germany,28659.0
2019-03-01,111.191,110.77,21,Italy,14956.0
2019-03-01,111.191,110.77,21,Russia,11701.0
2019-03-01,111.191,110.77,21,Spain,8916.0
2019-03-01,111.191,110.77,21,Sweden,5461.0
2019-03-01,111.191,110.77,21,Netherlands,7071.0
2019-03-01,111.191,110.77,21,Switzerland,5066.0
2019-03-01,111.191,110.77,21,Belgium,3547.0
2019-03-01,111.191,110.77,21,Finland,2729.0
2019-03-01,111.191,110.77,21,Poland,4188.0
2019-03-01,111.191,110.77,21,Denmark,3132.0
2019-03-01,111.191,110.77,21,Norway,2335.0
2019-03-01,111.191,110.77,21,Austria,2498.0
2019-03-01,111.191,110.77,21,Portugal,2538.0
2019-03-01,111.191,110.77,21,Ireland,1970.0
2019-03-01,111.191,110.77,21,The rest of Europe,13440.0
2019-03-01,111.191,110.77,21,Africa,3952.0
2019-03-01,111.191,110.77,21,United States,176564.0
2019-03-01,111.191,110.77,21,Canada,37959.0
2019-03-01,111.191,110.77,21,Mexico,5740.0
2019-03-01,111.191,110.77,21,The rest of NA,1510.0
2019-03-01,111.191,110.77,21,Brazil,5070.0
2019-03-01,111.191,110.77,21,The rest of SA,5619.0
2019-03-01,111.191,110.77,21,Australia,44175.0
2019-03-01,111.191,110.77,21,New Zealand,5393.0
2019-03-01,111.191,110.77,21,The rest of Oceania,419.0
2019-03-01,111.191,110.77,21,Stateless,60.0
2019-04-01,111.616,111.37,20,South Korea,566624.0
2019-04-01,111.616,111.37,20,China,726132.0
2019-04-01,111.616,111.37,20,Taiwan,403467.0
2019-04-01,111.616,111.37,20,Hong Kong,194806.0
2019-04-01,111.616,111.37,20,Thailand,164817.0
2019-04-01,111.616,111.37,20,Singapore,36704.0
2019-04-01,111.616,111.37,20,Malaysia,46092.0
2019-04-01,111.616,111.37,20,Indonesia,39768.0
2019-04-01,111.616,111.37,20,Philippines,69266.0
2019-04-01,111.616,111.37,20,Vietnam,55295.0
2019-04-01,111.616,111.37,20,India,18376.0
2019-04-01,111.616,111.37,20,Macau,6873.0
2019-04-01,111.616,111.37,20,Israel,7453.0
2019-04-01,111.616,111.37,20,Mongolia,2650.0
2019-04-01,111.616,111.37,20,Turkey,2483.0
2019-04-01,111.616,111.37,20,The rest of Asia,28928.0
2019-04-01,111.616,111.37,20,United Kingdom,44537.0
2019-04-01,111.616,111.37,20,France,46005.0
2019-04-01,111.616,111.37,20,Germany,27829.0
2019-04-01,111.616,111.37,20,Italy,24062.0
2019-04-01,111.616,111.37,20,Russia,13787.0
2019-04-01,111.616,111.37,20,Spain,13858.0
2019-04-01,111.616,111.37,20,Sweden,6702.0
2019-04-01,111.616,111.37,20,Netherlands,9476.0
2019-04-01,111.616,111.37,20,Switzerland,7983.0
2019-04-01,111.616,111.37,20,Belgium,5258.0
2019-04-01,111.616,111.37,20,Finland,2604.0
2019-04-01,111.616,111.37,20,Poland,5972.0
2019-04-01,111.616,111.37,20,Denmark,4215.0
2019-04-01,111.616,111.37,20,Norway,3756.0
2019-04-01,111.616,111.37,20,Austria,3451.0
2019-04-01,111.616,111.37,20,Portugal,3527.0
2019-04-01,111.616,111.37,20,Ireland,2481.0
2019-04-01,111.616,111.37,20,The rest of Europe,15452.0
2019-04-01,111.616,111.37,20,Africa,3933.0
2019-04-01,111.616,111.37,20,United States,170247.0
2019-04-01,111.616,111.37,20,Canada,38897.0
2019-04-01,111.616,111.37,20,Mexico,8222.0
2019-04-01,111.616,111.37,20,The rest of NA,1689.0
2019-04-01,111.616,111.37,20,Brazil,5726.0
2019-04-01,111.616,111.37,20,The rest of SA,7363.0
2019-04-01,111.616,111.37,20,Australia,70504.0
2019-04-01,111.616,111.37,20,New Zealand,9010.0
2019-04-01,111.616,111.37,20,The rest of Oceania,338.0
2019-04-01,111.616,111.37,20,Stateless,67.0
2019-05-01,109.927,108.75,22,South Korea,603394.0
2019-05-01,109.927,108.75,22,China,756365.0
2019-05-01,109.927,108.75,22,Taiwan,426537.0
2019-05-01,109.927,108.75,22,Hong Kong,189007.0
2019-05-01,109.927,108.75,22,Thailand,107857.0
2019-05-01,109.927,108.75,22,Singapore,37650.0
2019-05-01,109.927,108.75,22,Malaysia,42629.0
2019-05-01,109.927,108.75,22,Indonesia,30107.0
2019-05-01,109.927,108.75,22,Philippines,59578.0
2019-05-01,109.927,108.75,22,Vietnam,39900.0
2019-05-01,109.927,108.75,22,India,19914.0
2019-05-01,109.927,108.75,22,Macau,8538.0
2019-05-01,109.927,108.75,22,Israel,3164.0
2019-05-01,109.927,108.75,22,Mongolia,2166.0
2019-05-01,109.927,108.75,22,Turkey,1906.0
2019-05-01,109.927,108.75,22,The rest of Asia,16160.0
2019-05-01,109.927,108.75,22,United Kingdom,31642.0
2019-05-01,109.927,108.75,22,France,30863.0
2019-05-01,109.927,108.75,22,Germany,21552.0
2019-05-01,109.927,108.75,22,Italy,12463.0
2019-05-01,109.927,108.75,22,Russia,9691.0
2019-05-01,109.927,108.75,22,Spain,9971.0
2019-05-01,109.927,108.75,22,Sweden,4171.0
2019-05-01,109.927,108.75,22,Netherlands,7502.0
2019-05-01,109.927,108.75,22,Switzerland,4608.0
2019-05-01,109.927,108.75,22,Belgium,3351.0
2019-05-01,109.927,108.75,22,Finland,3102.0
2019-05-01,109.927,108.75,22,Poland,3442.0
2019-05-01,109.927,108.75,22,Denmark,2404.0
2019-05-01,109.927,108.75,22,Norway,1537.0
2019-05-01,109.927,108.75,22,Austria,2179.0
2019-05-01,109.927,108.75,22,Portugal,2728.0
2019-05-01,109.927,108.75,22,Ireland,1949.0
2019-05-01,109.927,108.75,22,The rest of Europe,11123.0
2019-05-01,109.927,108.75,22,Africa,2847.0
2019-05-01,109.927,108.75,22,United States,156962.0
2019-05-01,109.927,108.75,22,Canada,35335.0
2019-05-01,109.927,108.75,22,Mexico,5482.0
2019-05-01,109.927,108.75,22,The rest of NA,1338.0
2019-05-01,109.927,108.75,22,Brazil,4244.0
2019-05-01,109.927,108.75,22,The rest of SA,4789.0
2019-05-01,109.927,108.75,22,Australia,46223.0
2019-05-01,109.927,108.75,22,New Zealand,6222.0
2019-05-01,109.927,108.75,22,The rest of Oceania,433.0
2019-05-01,109.927,108.75,22,Stateless,66.0
2019-06-01,108.099,107.73,20,South Korea,611867.0
2019-06-01,108.099,107.73,20,China,880651.0
2019-06-01,108.099,107.73,20,Taiwan,461085.0
2019-06-01,108.099,107.73,20,Hong Kong,209030.0
2019-06-01,108.099,107.73,20,Thailand,62984.0
2019-06-01,108.099,107.73,20,Singapore,47264.0
2019-06-01,108.099,107.73,20,Malaysia,30534.0
2019-06-01,108.099,107.73,20,Indonesia,49290.0
2019-06-01,108.099,107.73,20,Philippines,46842.0
2019-06-01,108.099,107.73,20,Vietnam,35419.0
2019-06-01,108.099,107.73,20,India,15359.0
2019-06-01,108.099,107.73,20,Macau,9962.0
2019-06-01,108.099,107.73,20,Israel,1644.0
2019-06-01,108.099,107.73,20,Mongolia,2570.0
2019-06-01,108.099,107.73,20,Turkey,2736.0
2019-06-01,108.099,107.73,20,The rest of Asia,15980.0
2019-06-01,108.099,107.73,20,United Kingdom,25801.0
2019-06-01,108.099,107.73,20,France,21317.0
2019-06-01,108.099,107.73,20,Germany,15697.0
2019-06-01,108.099,107.73,20,Italy,11357.0
2019-06-01,108.099,107.73,20,Russia,8844.0
2019-06-01,108.099,107.73,20,Spain,9762.0
2019-06-01,108.099,107.73,20,Sweden,5321.0
2019-06-01,108.099,107.73,20,Netherlands,4930.0
2019-06-01,108.099,107.73,20,Switzerland,3145.0
2019-06-01,108.099,107.73,20,Belgium,2553.0
2019-06-01,108.099,107.73,20,Finland,3054.0
2019-06-01,108.099,107.73,20,Poland,2721.0
2019-06-01,108.099,107.73,20,Denmark,1980.0
2019-06-01,108.099,107.73,20,Norway,2453.0
2019-06-01,108.099,107.73,20,Austria,1732.0
2019-06-01,108.099,107.73,20,Portugal,2577.0
2019-06-01,108.099,107.73,20,Ireland,1887.0
2019-06-01,108.099,107.73,20,The rest of Europe,8897.0
2019-06-01,108.099,107.73,20,Africa,3852.0
2019-06-01,108.099,107.73,20,United States,175491.0
2019-06-01,108.099,107.73,20,Canada,25402.0
2019-06-01,108.099,107.73,20,Mexico,5676.0
2019-06-01,108.099,107.73,20,The rest of NA,1149.0
2019-06-01,108.099,107.73,20,Brazil,3363.0
2019-06-01,108.099,107.73,20,The rest of SA,4431.0
2019-06-01,108.099,107.73,20,Australia,37283.0
2019-06-01,108.099,107.73,20,New Zealand,5541.0
2019-06-01,108.099,107.73,20,The rest of Oceania,536.0
2019-06-01,108.099,107.73,20,Stateless,72.0
2019-07-01,108.22,108.55,23,South Korea,561675.0
2019-07-01,108.22,108.55,23,China,1050420.0
2019-07-01,108.22,108.55,23,Taiwan,459216.0
2019-07-01,108.22,108.55,23,Hong Kong,216810.0
2019-07-01,108.22,108.55,23,Thailand,73202.0
2019-07-01,108.22,108.55,23,Singapore,21716.0
2019-07-01,108.22,108.55,23,Malaysia,22957.0
2019-07-01,108.22,108.55,23,Indonesia,25215.0
2019-07-01,108.22,108.55,23,Philippines,37771.0
2019-07-01,108.22,108.55,23,Vietnam,40762.0
2019-07-01,108.22,108.55,23,India,13222.0
2019-07-01,108.22,108.55,23,Macau,16358.0
2019-07-01,108.22,108.55,23,Israel,2221.0
2019-07-01,108.22,108.55,23,Mongolia,2203.0
2019-07-01,108.22,108.55,23,Turkey,2025.0
2019-07-01,108.22,108.55,23,The rest of Asia,17285.0
2019-07-01,108.22,108.55,23,United Kingdom,28928.0
2019-07-01,108.22,108.55,23,France,34634.0
2019-07-01,108.22,108.55,23,Germany,18593.0
2019-07-01,108.22,108.55,23,Italy,13566.0
2019-07-01,108.22,108.55,23,Russia,9005.0
2019-07-01,108.22,108.55,23,Spain,15771.0
2019-07-01,108.22,108.55,23,Sweden,4364.0
2019-07-01,108.22,108.55,23,Netherlands,10459.0
2019-07-01,108.22,108.55,23,Switzerland,6489.0
2019-07-01,108.22,108.55,23,Belgium,5166.0
2019-07-01,108.22,108.55,23,Finland,2108.0
2019-07-01,108.22,108.55,23,Poland,3217.0
2019-07-01,108.22,108.55,23,Denmark,4972.0
2019-07-01,108.22,108.55,23,Norway,3320.0
2019-07-01,108.22,108.55,23,Austria,3005.0
2019-07-01,108.22,108.55,23,Portugal,2828.0
2019-07-01,108.22,108.55,23,Ireland,1889.0
2019-07-01,108.22,108.55,23,The rest of Europe,9735.0
2019-07-01,108.22,108.55,23,Africa,3651.0
2019-07-01,108.22,108.55,23,United States,156865.0
2019-07-01,108.22,108.55,23,Canada,29285.0
2019-07-01,108.22,108.55,23,Mexico,8661.0
2019-07-01,108.22,108.55,23,The rest of NA,1293.0
2019-07-01,108.22,108.55,23,Brazil,4476.0
2019-07-01,108.22,108.55,23,The rest of SA,4236.0
2019-07-01,108.22,108.55,23,Australia,34873.0
2019-07-01,108.22,108.55,23,New Zealand,6241.0
2019-07-01,108.22,108.55,23,The rest of Oceania,439.0
2019-07-01,108.22,108.55,23,Stateless,62.0
2019-08-01,106.219,106.27,22,South Korea,308730.0
2019-08-01,106.219,106.27,22,China,1000639.0
2019-08-01,106.219,106.27,22,Taiwan,420279.0
2019-08-01,106.219,106.27,22,Hong Kong,190260.0
2019-08-01,106.219,106.27,22,Thailand,49589.0
2019-08-01,106.219,106.27,22,Singapore,19698.0
2019-08-01,106.219,106.27,22,Malaysia,19827.0
2019-08-01,106.219,106.27,22,Indonesia,16160.0
2019-08-01,106.219,106.27,22,Philippines,31470.0
2019-08-01,106.219,106.27,22,Vietnam,43709.0
2019-08-01,106.219,106.27,22,India,13308.0
2019-08-01,106.219,106.27,22,Macau,17232.0
2019-08-01,106.219,106.27,22,Israel,2130.0
2019-08-01,106.219,106.27,22,Mongolia,3275.0
2019-08-01,106.219,106.27,22,Turkey,1924.0
2019-08-01,106.219,106.27,22,The rest of Asia,17774.0
2019-08-01,106.219,106.27,22,United Kingdom,26213.0
2019-08-01,106.219,106.27,22,France,30851.0
2019-08-01,106.219,106.27,22,Germany,17264.0
2019-08-01,106.219,106.27,22,Italy,22804.0
2019-08-01,106.219,106.27,22,Russia,8321.0
2019-08-01,106.219,106.27,22,Spain,20009.0
2019-08-01,106.219,106.27,22,Sweden,2669.0
2019-08-01,106.219,106.27,22,Netherlands,6059.0
2019-08-01,106.219,106.27,22,Switzerland,3529.0
2019-08-01,106.219,106.27,22,Belgium,2850.0
2019-08-01,106.219,106.27,22,Finland,1580.0
2019-08-01,106.219,106.27,22,Poland,2945.0
2019-08-01,106.219,106.27,22,Denmark,1645.0
2019-08-01,106.219,106.27,22,Norway,1156.0
2019-08-01,106.219,106.27,22,Austria,2453.0
2019-08-01,106.219,106.27,22,Portugal,3312.0
2019-08-01,106.219,106.27,22,Ireland,1696.0
2019-08-01,106.219,106.27,22,The rest of Europe,9802.0
2019-08-01,106.219,106.27,22,Africa,7790.0
2019-08-01,106.219,106.27,22,United States,117828.0
2019-08-01,106.219,106.27,22,Canada,27568.0
2019-08-01,106.219,106.27,22,Mexico,4800.0
2019-08-01,106.219,106.27,22,The rest of NA,1669.0
2019-08-01,106.219,106.27,22,Brazil,2957.0
2019-08-01,106.219,106.27,22,The rest of SA,3840.0
2019-08-01,106.219,106.27,22,Australia,26951.0
2019-08-01,106.219,106.27,22,New Zealand,5149.0
2019-08-01,106.219,106.27,22,The rest of Oceania,359.0
2019-08-01,106.219,106.27,22,Stateless,61.0
2019-09-01,107.454,107.99,21,South Korea,201252.0
2019-09-01,107.454,107.99,21,China,819054.0
2019-09-01,107.454,107.99,21,Taiwan,376186.0
2019-09-01,107.454,107.99,21,Hong Kong,155927.0
2019-09-01,107.454,107.99,21,Thailand,62057.0
2019-09-01,107.454,107.99,21,Singapore,29147.0
2019-09-01,107.454,107.99,21,Malaysia,28778.0
2019-09-01,107.454,107.99,21,Indonesia,25021.0
2019-09-01,107.454,107.99,21,Philippines,37758.0
2019-09-01,107.454,107.99,21,Vietnam,38325.0
2019-09-01,107.454,107.99,21,India,15895.0
2019-09-01,107.454,107.99,21,Macau,8076.0
2019-09-01,107.454,107.99,21,Israel,5402.0
2019-09-01,107.454,107.99,21,Mongolia,3102.0
2019-09-01,107.454,107.99,21,Turkey,1752.0
2019-09-01,107.454,107.99,21,The rest of Asia,19546.0
2019-09-01,107.454,107.99,21,United Kingdom,49580.0
2019-09-01,107.454,107.99,21,France,26530.0
2019-09-01,107.454,107.99,21,Germany,22768.0
2019-09-01,107.454,107.99,21,Italy,13354.0
2019-09-01,107.454,107.99,21,Russia,10454.0
2019-09-01,107.454,107.99,21,Spain,11472.0
2019-09-01,107.454,107.99,21,Sweden,3664.0
2019-09-01,107.454,107.99,21,Netherlands,6862.0
2019-09-01,107.454,107.99,21,Switzerland,4778.0
2019-09-01,107.454,107.99,21,Belgium,3488.0
2019-09-01,107.454,107.99,21,Finland,1931.0
2019-09-01,107.454,107.99,21,Poland,3538.0
2019-09-01,107.454,107.99,21,Denmark,2298.0
2019-09-01,107.454,107.99,21,Norway,1828.0
2019-09-01,107.454,107.99,21,Austria,2640.0
2019-09-01,107.454,107.99,21,Portugal,2712.0
2019-09-01,107.454,107.99,21,Ireland,9151.0
2019-09-01,107.454,107.99,21,The rest of Europe,11376.0
2019-09-01,107.454,107.99,21,Africa,7717.0
2019-09-01,107.454,107.99,21,United States,127190.0
2019-09-01,107.454,107.99,21,Canada,28525.0
2019-09-01,107.454,107.99,21,Mexico,6282.0
2019-09-01,107.454,107.99,21,The rest of NA,1457.0
2019-09-01,107.454,107.99,21,Brazil,3958.0
2019-09-01,107.454,107.99,21,The rest of SA,9259.0
2019-09-01,107.454,107.99,21,Australia,60498.0
2019-09-01,107.454,107.99,21,New Zealand,11331.0
2019-09-01,107.454,107.99,21,The rest of Oceania,913.0
2019-09-01,107.454,107.99,21,Stateless,51.0
2019-10-01,108.127,108.24,23,South Korea,197281.0
2019-10-01,108.127,108.24,23,China,730631.0
2019-10-01,108.127,108.24,23,Taiwan,413701.0
2019-10-01,108.127,108.24,23,Hong Kong,180562.0
2019-10-01,108.127,108.24,23,Thailand,145333.0
2019-10-01,108.127,108.24,23,Singapore,41937.0
2019-10-01,108.127,108.24,23,Malaysia,48864.0
2019-10-01,108.127,108.24,23,Indonesia,34094.0
2019-10-01,108.127,108.24,23,Philippines,64690.0
2019-10-01,108.127,108.24,23,Vietnam,46510.0
2019-10-01,108.127,108.24,23,India,13929.0
2019-10-01,108.127,108.24,23,Macau,7538.0
2019-10-01,108.127,108.24,23,Israel,7956.0
2019-10-01,108.127,108.24,23,Mongolia,2637.0
2019-10-01,108.127,108.24,23,Turkey,1855.0
2019-10-01,108.127,108.24,23,The rest of Asia,21918.0
2019-10-01,108.127,108.24,23,United Kingdom,68401.0
2019-10-01,108.127,108.24,23,France,39457.0
2019-10-01,108.127,108.24,23,Germany,26276.0
2019-10-01,108.127,108.24,23,Italy,14731.0
2019-10-01,108.127,108.24,23,Russia,14348.0
2019-10-01,108.127,108.24,23,Spain,13739.0
2019-10-01,108.127,108.24,23,Sweden,5909.0
2019-10-01,108.127,108.24,23,Netherlands,9113.0
2019-10-01,108.127,108.24,23,Switzerland,6514.0
2019-10-01,108.127,108.24,23,Belgium,4424.0
2019-10-01,108.127,108.24,23,Finland,3309.0
2019-10-01,108.127,108.24,23,Poland,4017.0
2019-10-01,108.127,108.24,23,Denmark,3917.0
2019-10-01,108.127,108.24,23,Norway,1959.0
2019-10-01,108.127,108.24,23,Austria,2827.0
2019-10-01,108.127,108.24,23,Portugal,3389.0
2019-10-01,108.127,108.24,23,Ireland,12024.0
2019-10-01,108.127,108.24,23,The rest of Europe,13799.0
2019-10-01,108.127,108.24,23,Africa,8657.0
2019-10-01,108.127,108.24,23,United States,153363.0
2019-10-01,108.127,108.24,23,Canada,37667.0
2019-10-01,108.127,108.24,23,Mexico,7385.0
2019-10-01,108.127,108.24,23,The rest of NA,1718.0
2019-10-01,108.127,108.24,23,Brazil,4656.0
2019-10-01,108.127,108.24,23,The rest of SA,7504.0
2019-10-01,108.127,108.24,23,Australia,51563.0
2019-10-01,108.127,108.24,23,New Zealand,15683.0
2019-10-01,108.127,108.24,23,The rest of Oceania,709.0
2019-10-01,108.127,108.24,23,Stateless,74.0
2019-11-01,108.896,109.66,21,South Korea,205042.0
2019-11-01,108.896,109.66,21,China,750951.0
2019-11-01,108.896,109.66,21,Taiwan,392102.0
2019-11-01,108.896,109.66,21,Hong Kong,199702.0
2019-11-01,108.896,109.66,21,Thailand,140265.0
2019-11-01,108.896,109.66,21,Singapore,65295.0
2019-11-01,108.896,109.66,21,Malaysia,64987.0
2019-11-01,108.896,109.66,21,Indonesia,37213.0
2019-11-01,108.896,109.66,21,Philippines,64763.0
2019-11-01,108.896,109.66,21,Vietnam,41892.0
2019-11-01,108.896,109.66,21,India,14863.0
2019-11-01,108.896,109.66,21,Macau,9309.0
2019-11-01,108.896,109.66,21,Israel,3728.0
2019-11-01,108.896,109.66,21,Mongolia,2473.0
2019-11-01,108.896,109.66,21,Turkey,2176.0
2019-11-01,108.896,109.66,21,The rest of Asia,21915.0
2019-11-01,108.896,109.66,21,United Kingdom,37709.0
2019-11-01,108.896,109.66,21,France,24290.0
2019-11-01,108.896,109.66,21,Germany,19525.0
2019-11-01,108.896,109.66,21,Italy,12350.0
2019-11-01,108.896,109.66,21,Russia,13142.0
2019-11-01,108.896,109.66,21,Spain,10535.0
2019-11-01,108.896,109.66,21,Sweden,4843.0
2019-11-01,108.896,109.66,21,Netherlands,6080.0
2019-11-01,108.896,109.66,21,Switzerland,3756.0
2019-11-01,108.896,109.66,21,Belgium,3138.0
2019-11-01,108.896,109.66,21,Finland,2336.0
2019-11-01,108.896,109.66,21,Poland,3729.0
2019-11-01,108.896,109.66,21,Denmark,3080.0
2019-11-01,108.896,109.66,21,Norway,1898.0
2019-11-01,108.896,109.66,21,Austria,2288.0
2019-11-01,108.896,109.66,21,Portugal,2693.0
2019-11-01,108.896,109.66,21,Ireland,2039.0
2019-11-01,108.896,109.66,21,The rest of Europe,12284.0
2019-11-01,108.896,109.66,21,Africa,4201.0
2019-11-01,108.896,109.66,21,United States,148993.0
2019-11-01,108.896,109.66,21,Canada,33316.0
2019-11-01,108.896,109.66,21,Mexico,6494.0
2019-11-01,108.896,109.66,21,The rest of NA,1487.0
2019-11-01,108.896,109.66,21,Brazil,3733.0
2019-11-01,108.896,109.66,21,The rest of SA,4770.0
2019-11-01,108.896,109.66,21,Australia,48327.0
2019-11-01,108.896,109.66,21,New Zealand,7003.0
2019-11-01,108.896,109.66,21,The rest of Oceania,504.0
2019-11-01,108.896,109.66,21,Stateless,55.0
2019-12-01,109.094,108.55,20,South Korea,247959.0
2019-12-01,109.094,108.55,20,China,710234.0
2019-12-01,109.094,108.55,20,Taiwan,348269.0
2019-12-01,109.094,108.55,20,Hong Kong,249642.0
2019-12-01,109.094,108.55,20,Thailand,164936.0
2019-12-01,109.094,108.55,20,Singapore,100376.0
2019-12-01,109.094,108.55,20,Malaysia,78250.0
2019-12-01,109.094,108.55,20,Indonesia,59203.0
2019-12-01,109.094,108.55,20,Philippines,81542.0
2019-12-01,109.094,108.55,20,Vietnam,30606.0
2019-12-01,109.094,108.55,20,India,11739.0
2019-12-01,109.094,108.55,20,Macau,14725.0
2019-12-01,109.094,108.55,20,Israel,1853.0
2019-12-01,109.094,108.55,20,Mongolia,2447.0
2019-12-01,109.094,108.55,20,Turkey,1428.0
2019-12-01,109.094,108.55,20,The rest of Asia,18142.0
2019-12-01,109.094,108.55,20,United Kingdom,27750.0
2019-12-01,109.094,108.55,20,France,20261.0
2019-12-01,109.094,108.55,20,Germany,13639.0
2019-12-01,109.094,108.55,20,Italy,11196.0
2019-12-01,109.094,108.55,20,Russia,8833.0
2019-12-01,109.094,108.55,20,Spain,7295.0
2019-12-01,109.094,108.55,20,Sweden,3995.0
2019-12-01,109.094,108.55,20,Netherlands,4467.0
2019-12-01,109.094,108.55,20,Switzerland,3073.0
2019-12-01,109.094,108.55,20,Belgium,2049.0
2019-12-01,109.094,108.55,20,Finland,2596.0
2019-12-01,109.094,108.55,20,Poland,1657.0
2019-12-01,109.094,108.55,20,Denmark,1863.0
2019-12-01,109.094,108.55,20,Norway,1419.0
2019-12-01,109.094,108.55,20,Austria,1596.0
2019-12-01,109.094,108.55,20,Portugal,2887.0
2019-12-01,109.094,108.55,20,Ireland,1652.0
2019-12-01,109.094,108.55,20,The rest of Europe,7480.0
2019-12-01,109.094,108.55,20,Africa,3325.0
2019-12-01,109.094,108.55,20,United States,144498.0
2019-12-01,109.094,108.55,20,Canada,35132.0
2019-12-01,109.094,108.55,20,Mexico,6499.0
2019-12-01,109.094,108.55,20,The rest of NA,1247.0
2019-12-01,109.094,108.55,20,Brazil,4335.0
2019-12-01,109.094,108.55,20,The rest of SA,3568.0
2019-12-01,109.094,108.55,20,Australia,72653.0
2019-12-01,109.094,108.55,20,New Zealand,9554.0
2019-12-01,109.094,108.55,20,The rest of Oceania,450.0
2019-12-01,109.094,108.55,20,Stateless,67.0
2020-01-01,109.333,108.89,22,South Korea,316812.0
2020-01-01,109.333,108.89,22,China,924790.0
2020-01-01,109.333,108.89,22,Taiwan,461239.0
2020-01-01,109.333,108.89,22,Hong Kong,219358.0
2020-01-01,109.333,108.89,22,Thailand,112534.0
2020-01-01,109.333,108.89,22,Singapore,30180.0
2020-01-01,109.333,108.89,22,Malaysia,44829.0
2020-01-01,109.333,108.89,22,Indonesia,37540.0
2020-01-01,109.333,108.89,22,Philippines,53588.0
2020-01-01,109.333,108.89,22,Vietnam,50424.0
2020-01-01,109.333,108.89,22,India,13884.0
2020-01-01,109.333,108.89,22,Macau,9943.0
2020-01-01,109.333,108.89,22,Mongolia,3014.0
2020-01-01,109.333,108.89,22,The rest of Asia,17966.0
2020-01-01,109.333,108.89,22,United Kingdom,24320.0
2020-01-01,109.333,108.89,22,France,16481.0
2020-01-01,109.333,108.89,22,Germany,11189.0
2020-01-01,109.333,108.89,22,Italy,6921.0
2020-01-01,109.333,108.89,22,Russia,8399.0
2020-01-01,109.333,108.89,22,Spain,5157.0
2020-01-01,109.333,108.89,22,Sweden,3499.0
2020-01-01,109.333,108.89,22,Netherlands,3510.0
2020-01-01,109.333,108.89,22,Switzerland,2489.0
2020-01-01,109.333,108.89,22,Belgium,1601.0
2020-01-01,109.333,108.89,22,Finland,1918.0
2020-01-01,109.333,108.89,22,Poland,1889.0
2020-01-01,109.333,108.89,22,Denmark,1789.0
2020-01-01,109.333,108.89,22,Norway,1526.0
2020-01-01,109.333,108.89,22,Austria,1473.0
2020-01-01,109.333,108.89,22,Portugal,1932.0
2020-01-01,109.333,108.89,22,Ireland,1656.0
2020-01-01,109.333,108.89,22,The rest of Europe,6512.0
2020-01-01,109.333,108.89,22,Africa,3084.0
2020-01-01,109.333,108.89,22,United States,117343.0
2020-01-01,109.333,108.89,22,Canada,28931.0
2020-01-01,109.333,108.89,22,Mexico,4641.0
2020-01-01,109.333,108.89,22,The rest of NA,1287.0
2020-01-01,109.333,108.89,22,Brazil,3419.0
2020-01-01,109.333,108.89,22,The rest of SA,4609.0
2020-01-01,109.333,108.89,22,Australia,85314.0
2020-01-01,109.333,108.89,22,New Zealand,9328.0
2020-01-01,109.333,108.89,22,The rest of Oceania,385.0
2020-01-01,109.333,108.89,22,Stateless,54.0
2020-02-01,110.07,108.74,20,South Korea,143896.0
2020-02-01,110.07,108.74,20,China,87220.0
2020-02-01,110.07,108.74,20,Taiwan,220420.0
2020-02-01,110.07,108.74,20,Hong Kong,115613.0
2020-02-01,110.07,108.74,20,Thailand,97957.0
2020-02-01,110.07,108.74,20,Singapore,19551.0
2020-02-01,110.07,108.74,20,Malaysia,26589.0
2020-02-01,110.07,108.74,20,Indonesia,24691.0
2020-02-01,110.07,108.74,20,Philippines,39728.0
2020-02-01,110.07,108.74,20,Vietnam,39905.0
2020-02-01,110.07,108.74,20,India,6582.0
2020-02-01,110.07,108.74,20,Macau,2088.0
2020-02-01,110.07,108.74,20,Mongolia,1764.0
2020-02-01,110.07,108.74,20,The rest of Asia,12171.0
2020-02-01,110.07,108.74,20,United Kingdom,18645.0
2020-02-01,110.07,108.74,20,France,17123.0
2020-02-01,110.07,108.74,20,Germany,10937.0
2020-02-01,110.07,108.74,20,Italy,4718.0
2020-02-01,110.07,108.74,20,Russia,6702.0
2020-02-01,110.07,108.74,20,Spain,4329.0
2020-02-01,110.07,108.74,20,Sweden,2880.0
2020-02-01,110.07,108.74,20,Netherlands,3206.0
2020-02-01,110.07,108.74,20,Switzerland,2322.0
2020-02-01,110.07,108.74,20,Belgium,1603.0
2020-02-01,110.07,108.74,20,Finland,1979.0
2020-02-01,110.07,108.74,20,Poland,1332.0
2020-02-01,110.07,108.74,20,Denmark,2046.0
2020-02-01,110.07,108.74,20,Norway,1564.0
2020-02-01,110.07,108.74,20,Austria,1492.0
2020-02-01,110.07,108.74,20,Portugal,899.0
2020-02-01,110.07,108.74,20,Ireland,1115.0
2020-02-01,110.07,108.74,20,The rest of Europe,5212.0
2020-02-01,110.07,108.74,20,Africa,2101.0
2020-02-01,110.07,108.74,20,United States,73373.0
2020-02-01,110.07,108.74,20,Canada,17601.0
2020-02-01,110.07,108.74,20,Mexico,2968.0
2020-02-01,110.07,108.74,20,The rest of NA,688.0
2020-02-01,110.07,108.74,20,Brazil,2010.0
2020-02-01,110.07,108.74,20,The rest of SA,4342.0
2020-02-01,110.07,108.74,20,Australia,48522.0
2020-02-01,110.07,108.74,20,New Zealand,4901.0
2020-02-01,110.07,108.74,20,The rest of Oceania,247.0
2020-02-01,110.07,108.74,20,Stateless,29.0
2020-03-01,107.51,108.53,22,South Korea,16669.0
2020-03-01,107.51,108.53,22,China,10365.0
2020-03-01,107.51,108.53,22,Taiwan,7700.0
2020-03-01,107.51,108.53,22,Hong Kong,9917.0
2020-03-01,107.51,108.53,22,Thailand,4805.0
2020-03-01,107.51,108.53,22,Singapore,5050.0
2020-03-01,107.51,108.53,22,Malaysia,3287.0
2020-03-01,107.51,108.53,22,Indonesia,7370.0
2020-03-01,107.51,108.53,22,Philippines,10930.0
2020-03-01,107.51,108.53,22,Vietnam,20842.0
2020-03-01,107.51,108.53,22,India,1948.0
2020-03-01,107.51,108.53,22,Macau,155.0
2020-03-01,107.51,108.53,22,Mongolia,190.0
2020-03-01,107.51,108.53,22,The rest of Asia,8382.0
2020-03-01,107.51,108.53,22,United Kingdom,6778.0
2020-03-01,107.51,108.53,22,France,7665.0
2020-03-01,107.51,108.53,22,Germany,6472.0
2020-03-01,107.51,108.53,22,Italy,1488.0
2020-03-01,107.51,108.53,22,Russia,5639.0
2020-03-01,107.51,108.53,22,Spain,1765.0
2020-03-01,107.51,108.53,22,Sweden,973.0
2020-03-01,107.51,108.53,22,Netherlands,1462.0
2020-03-01,107.51,108.53,22,Switzerland,992.0
2020-03-01,107.51,108.53,22,Belgium,688.0
2020-03-01,107.51,108.53,22,Finland,789.0
2020-03-01,107.51,108.53,22,Poland,570.0
2020-03-01,107.51,108.53,22,Denmark,803.0
2020-03-01,107.51,108.53,22,Norway,451.0
2020-03-01,107.51,108.53,22,Austria,449.0
2020-03-01,107.51,108.53,22,Portugal,300.0
2020-03-01,107.51,108.53,22,Ireland,393.0
2020-03-01,107.51,108.53,22,The rest of Europe,2206.0
2020-03-01,107.51,108.53,22,Africa,978.0
2020-03-01,107.51,108.53,22,United States,22964.0
2020-03-01,107.51,108.53,22,Canada,6149.0
2020-03-01,107.51,108.53,22,Mexico,1691.0
2020-03-01,107.51,108.53,22,The rest of NA,442.0
2020-03-01,107.51,108.53,22,Brazil,995.0
2020-03-01,107.51,108.53,22,The rest of SA,2016.0
2020-03-01,107.51,108.53,22,Australia,8767.0
2020-03-01,107.51,108.53,22,New Zealand,1351.0
2020-03-01,107.51,108.53,22,The rest of Oceania,119.0
2020-03-01,107.51,108.53,22,Stateless,12.0
2020-04-01,107.69,106.54,20,South Korea,299.0
2020-04-01,107.69,106.54,20,China,163.0
2020-04-01,107.69,106.54,20,Taiwan,337.0
2020-04-01,107.69,106.54,20,Hong Kong,14.0
2020-04-01,107.69,106.54,20,Thailand,25.0
2020-04-01,107.69,106.54,20,Singapore,1.0
2020-04-01,107.69,106.54,20,Malaysia,20.0
2020-04-01,107.69,106.54,20,Indonesia,96.0
2020-04-01,107.69,106.54,20,Philippines,47.0
2020-04-01,107.69,106.54,20,Vietnam,206.0
2020-04-01,107.69,106.54,20,India,26.0
2020-04-01,107.69,106.54,20,Macau,0.0
2020-04-01,107.69,106.54,20,Mongolia,366.0
2020-04-01,107.69,106.54,20,The rest of Asia,635.0
2020-04-01,107.69,106.54,20,United Kingdom,29.0
2020-04-01,107.69,106.54,20,France,12.0
2020-04-01,107.69,106.54,20,Germany,9.0
2020-04-01,107.69,106.54,20,Italy,5.0
2020-04-01,107.69,106.54,20,Russia,17.0
2020-04-01,107.69,106.54,20,Spain,4.0
2020-04-01,107.69,106.54,20,Sweden,0.0
2020-04-01,107.69,106.54,20,Netherlands,2.0
2020-04-01,107.69,106.54,20,Switzerland,5.0
2020-04-01,107.69,106.54,20,Belgium,1.0
2020-04-01,107.69,106.54,20,Finland,0.0
2020-04-01,107.69,106.54,20,Poland,7.0
2020-04-01,107.69,106.54,20,Denmark,0.0
2020-04-01,107.69,106.54,20,Norway,1.0
2020-04-01,107.69,106.54,20,Austria,0.0
2020-04-01,107.69,106.54,20,Portugal,0.0
2020-04-01,107.69,106.54,20,Ireland,1.0
2020-04-01,107.69,106.54,20,The rest of Europe,16.0
2020-04-01,107.69,106.54,20,Africa,17.0
2020-04-01,107.69,106.54,20,United States,340.0
2020-04-01,107.69,106.54,20,Canada,47.0
2020-04-01,107.69,106.54,20,Mexico,64.0
2020-04-01,107.69,106.54,20,The rest of NA,4.0
2020-04-01,107.69,106.54,20,Brazil,13.0
2020-04-01,107.69,106.54,20,The rest of SA,6.0
2020-04-01,107.69,106.54,20,Australia,50.0
2020-04-01,107.69,106.54,20,New Zealand,10.0
2020-04-01,107.69,106.54,20,The rest of Oceania,5.0
2020-04-01,107.69,106.54,20,Stateless,0.0
2020-05-01,107.196,107.12,20,South Korea,18.0
2020-05-01,107.196,107.12,20,China,25.0
2020-05-01,107.196,107.12,20,Taiwan,8.0
2020-05-01,107.196,107.12,20,Hong Kong,1.0
2020-05-01,107.196,107.12,20,Thailand,9.0
2020-05-01,107.196,107.12,20,Singapore,0.0
2020-05-01,107.196,107.12,20,Malaysia,4.0
2020-05-01,107.196,107.12,20,Indonesia,5.0
2020-05-01,107.196,107.12,20,Philippines,6.0
2020-05-01,107.196,107.12,20,Vietnam,2.0
2020-05-01,107.196,107.12,20,India,29.0
2020-05-01,107.196,107.12,20,Macau,0.0
2020-05-01,107.196,107.12,20,Mongolia,0.0
2020-05-01,107.196,107.12,20,The rest of Asia,1432.0
2020-05-01,107.196,107.12,20,United Kingdom,6.0
2020-05-01,107.196,107.12,20,France,16.0
2020-05-01,107.196,107.12,20,Germany,4.0
2020-05-01,107.196,107.12,20,Italy,3.0
2020-05-01,107.196,107.12,20,Russia,6.0
2020-05-01,107.196,107.12,20,Spain,2.0
2020-05-01,107.196,107.12,20,Sweden,0.0
2020-05-01,107.196,107.12,20,Netherlands,1.0
2020-05-01,107.196,107.12,20,Switzerland,1.0
2020-05-01,107.196,107.12,20,Belgium,0.0
2020-05-01,107.196,107.12,20,Finland,0.0
2020-05-01,107.196,107.12,20,Poland,3.0
2020-05-01,107.196,107.12,20,Denmark,1.0
2020-05-01,107.196,107.12,20,Norway,0.0
2020-05-01,107.196,107.12,20,Austria,2.0
2020-05-01,107.196,107.12,20,Portugal,0.0
2020-05-01,107.196,107.12,20,Ireland,0.0
2020-05-01,107.196,107.12,20,The rest of Europe,6.0
2020-05-01,107.196,107.12,20,Africa,10.0
2020-05-01,107.196,107.12,20,United States,47.0
2020-05-01,107.196,107.12,20,Canada,5.0
2020-05-01,107.196,107.12,20,Mexico,1.0
2020-05-01,107.196,107.12,20,The rest of NA,0.0
2020-05-01,107.196,107.12,20,Brazil,2.0
2020-05-01,107.196,107.12,20,The rest of SA,2.0
2020-05-01,107.196,107.12,20,Australia,2.0
2020-05-01,107.196,107.12,20,New Zealand,4.0
2020-05-01,107.196,107.12,20,The rest of Oceania,0.0
2020-05-01,107.196,107.12,20,Stateless,0.0
2020-06-01,107.619,107.75,22,South Korea,122.0
2020-06-01,107.619,107.75,22,China,334.0
2020-06-01,107.619,107.75,22,Taiwan,45.0
2020-06-01,107.619,107.75,22,Hong Kong,7.0
2020-06-01,107.619,107.75,22,Thailand,12.0
2020-06-01,107.619,107.75,22,Singapore,5.0
2020-06-01,107.619,107.75,22,Malaysia,13.0
2020-06-01,107.619,107.75,22,Indonesia,18.0
2020-06-01,107.619,107.75,22,Philippines,48.0
2020-06-01,107.619,107.75,22,Vietnam,122.0
2020-06-01,107.619,107.75,22,India,69.0
2020-06-01,107.619,107.75,22,Macau,1.0
2020-06-01,107.619,107.75,22,Mongolia,48.0
2020-06-01,107.619,107.75,22,The rest of Asia,1373.0
2020-06-01,107.619,107.75,22,United Kingdom,30.0
2020-06-01,107.619,107.75,22,France,16.0
2020-06-01,107.619,107.75,22,Germany,14.0
2020-06-01,107.619,107.75,22,Italy,8.0
2020-06-01,107.619,107.75,22,Russia,0.0
2020-06-01,107.619,107.75,22,Spain,10.0
2020-06-01,107.619,107.75,22,Sweden,4.0
2020-06-01,107.619,107.75,22,Netherlands,6.0
2020-06-01,107.619,107.75,22,Switzerland,4.0
2020-06-01,107.619,107.75,22,Belgium,5.0
2020-06-01,107.619,107.75,22,Finland,1.0
2020-06-01,107.619,107.75,22,Poland,1.0
2020-06-01,107.619,107.75,22,Denmark,2.0
2020-06-01,107.619,107.75,22,Norway,0.0
2020-06-01,107.619,107.75,22,Austria,2.0
2020-06-01,107.619,107.75,22,Portugal,0.0
2020-06-01,107.619,107.75,22,Ireland,1.0
2020-06-01,107.619,107.75,22,The rest of Europe,20.0
2020-06-01,107.619,107.75,22,Africa,5.0
2020-06-01,107.619,107.75,22,United States,136.0
2020-06-01,107.619,107.75,22,Canada,17.0
2020-06-01,107.619,107.75,22,Mexico,3.0
2020-06-01,107.619,107.75,22,The rest of NA,0.0
2020-06-01,107.619,107.75,22,Brazil,10.0
2020-06-01,107.619,107.75,22,The rest of SA,5.0
2020-06-01,107.619,107.75,22,Australia,11.0
2020-06-01,107.619,107.75,22,New Zealand,7.0
2020-06-01,107.619,107.75,22,The rest of Oceania,1.0
2020-06-01,107.619,107.75,22,Stateless,1.0
2020-07-01,106.771,104.92,23,South Korea,294.0
2020-07-01,106.771,104.92,23,China,785.0
2020-07-01,106.771,104.92,23,Taiwan,102.0
2020-07-01,106.771,104.92,23,Hong Kong,19.0
2020-07-01,106.771,104.92,23,Thailand,17.0
2020-07-01,106.771,104.92,23,Singapore,13.0
2020-07-01,106.771,104.92,23,Malaysia,6.0
2020-07-01,106.771,104.92,23,Indonesia,54.0
2020-07-01,106.771,104.92,23,Philippines,51.0
2020-07-01,106.771,104.92,23,Vietnam,633.0
2020-07-01,106.771,104.92,23,India,346.0
2020-07-01,106.771,104.92,23,Macau,2.0
2020-07-01,106.771,104.92,23,Mongolia,25.0
2020-07-01,106.771,104.92,23,The rest of Asia,499.0
2020-07-01,106.771,104.92,23,United Kingdom,55.0
2020-07-01,106.771,104.92,23,France,76.0
2020-07-01,106.771,104.92,23,Germany,47.0
2020-07-01,106.771,104.92,23,Italy,12.0
2020-07-01,106.771,104.92,23,Russia,10.0
2020-07-01,106.771,104.92,23,Spain,28.0
2020-07-01,106.771,104.92,23,Sweden,9.0
2020-07-01,106.771,104.92,23,Netherlands,18.0
2020-07-01,106.771,104.92,23,Switzerland,10.0
2020-07-01,106.771,104.92,23,Belgium,4.0
2020-07-01,106.771,104.92,23,Finland,8.0
2020-07-01,106.771,104.92,23,Poland,3.0
2020-07-01,106.771,104.92,23,Denmark,6.0
2020-07-01,106.771,104.92,23,Norway,8.0
2020-07-01,106.771,104.92,23,Austria,8.0
2020-07-01,106.771,104.92,23,Portugal,3.0
2020-07-01,106.771,104.92,23,Ireland,6.0
2020-07-01,106.771,104.92,23,The rest of Europe,40.0
2020-07-01,106.771,104.92,23,Africa,25.0
2020-07-01,106.771,104.92,23,United States,403.0
2020-07-01,106.771,104.92,23,Canada,30.0
2020-07-01,106.771,104.92,23,Mexico,2.0
2020-07-01,106.771,104.92,23,The rest of NA,8.0
2020-07-01,106.771,104.92,23,Brazil,17.0
2020-07-01,106.771,104.92,23,The rest of SA,11.0
2020-07-01,106.771,104.92,23,Australia,45.0
2020-07-01,106.771,104.92,23,New Zealand,16.0
2020-07-01,106.771,104.92,23,The rest of Oceania,2.0
2020-07-01,106.771,104.92,23,Stateless,0.0
2020-08-01,106.021,105.92,21,South Korea,749.0
2020-08-01,106.021,105.92,21,China,1606.0
2020-08-01,106.021,105.92,21,Taiwan,448.0
2020-08-01,106.021,105.92,21,Hong Kong,41.0
2020-08-01,106.021,105.92,21,Thailand,350.0
2020-08-01,106.021,105.92,21,Singapore,21.0
2020-08-01,106.021,105.92,21,Malaysia,223.0
2020-08-01,106.021,105.92,21,Indonesia,230.0
2020-08-01,106.021,105.92,21,Philippines,132.0
2020-08-01,106.021,105.92,21,Vietnam,1122.0
2020-08-01,106.021,105.92,21,India,278.0
2020-08-01,106.021,105.92,21,Macau,0.0
2020-08-01,106.021,105.92,21,Mongolia,62.0
2020-08-01,106.021,105.92,21,The rest of Asia,1074.0
2020-08-01,106.021,105.92,21,United Kingdom,150.0
2020-08-01,106.021,105.92,21,France,226.0
2020-08-01,106.021,105.92,21,Germany,112.0
2020-08-01,106.021,105.92,21,Italy,51.0
2020-08-01,106.021,105.92,21,Russia,62.0
2020-08-01,106.021,105.92,21,Spain,46.0
2020-08-01,106.021,105.92,21,Sweden,44.0
2020-08-01,106.021,105.92,21,Netherlands,29.0
2020-08-01,106.021,105.92,21,Switzerland,22.0
2020-08-01,106.021,105.92,21,Belgium,38.0
2020-08-01,106.021,105.92,21,Finland,20.0
2020-08-01,106.021,105.92,21,Poland,24.0
2020-08-01,106.021,105.92,21,Denmark,19.0
2020-08-01,106.021,105.92,21,Norway,16.0
2020-08-01,106.021,105.92,21,Austria,3.0
2020-08-01,106.021,105.92,21,Portugal,7.0
2020-08-01,106.021,105.92,21,Ireland,22.0
2020-08-01,106.021,105.92,21,The rest of Europe,150.0
2020-08-01,106.021,105.92,21,Africa,169.0
2020-08-01,106.021,105.92,21,United States,698.0
2020-08-01,106.021,105.92,21,Canada,81.0
2020-08-01,106.021,105.92,21,Mexico,7.0
2020-08-01,106.021,105.92,21,The rest of NA,10.0
2020-08-01,106.021,105.92,21,Brazil,45.0
2020-08-01,106.021,105.92,21,The rest of SA,25.0
2020-08-01,106.021,105.92,21,Australia,90.0
2020-08-01,106.021,105.92,21,New Zealand,83.0
2020-08-01,106.021,105.92,21,The rest of Oceania,3.0
2020-08-01,106.021,105.92,21,Stateless,1.0
2020-09-01,105.577,105.71,22,South Korea,1426.0
2020-09-01,105.577,105.71,22,China,2954.0
2020-09-01,105.577,105.71,22,Taiwan,767.0
2020-09-01,105.577,105.71,22,Hong Kong,89.0
2020-09-01,105.577,105.71,22,Thailand,1038.0
2020-09-01,105.577,105.71,22,Singapore,30.0
2020-09-01,105.577,105.71,22,Malaysia,242.0
2020-09-01,105.577,105.71,22,Indonesia,299.0
2020-09-01,105.577,105.71,22,Philippines,134.0
2020-09-01,105.577,105.71,22,Vietnam,2698.0
2020-09-01,105.577,105.71,22,India,389.0
2020-09-01,105.577,105.71,22,Macau,13.0
2020-09-01,105.577,105.71,22,Mongolia,27.0
2020-09-01,105.577,105.71,22,The rest of Asia,1404.0
2020-09-01,105.577,105.71,22,United Kingdom,101.0
2020-09-01,105.577,105.71,22,France,116.0
2020-09-01,105.577,105.71,22,Germany,93.0
2020-09-01,105.577,105.71,22,Italy,68.0
2020-09-01,105.577,105.71,22,Russia,61.0
2020-09-01,105.577,105.71,22,Spain,65.0
2020-09-01,105.577,105.71,22,Sweden,25.0
2020-09-01,105.577,105.71,22,Netherlands,35.0
2020-09-01,105.577,105.71,22,Switzerland,15.0
2020-09-01,105.577,105.71,22,Belgium,9.0
2020-09-01,105.577,105.71,22,Finland,22.0
2020-09-01,105.577,105.71,22,Poland,17.0
2020-09-01,105.577,105.71,22,Denmark,17.0
2020-09-01,105.577,105.71,22,Norway,11.0
2020-09-01,105.577,105.71,22,Austria,18.0
2020-09-01,105.577,105.71,22,Portugal,6.0
2020-09-01,105.577,105.71,22,Ireland,12.0
2020-09-01,105.577,105.71,22,The rest of Europe,178.0
2020-09-01,105.577,105.71,22,Africa,175.0
2020-09-01,105.577,105.71,22,United States,632.0
2020-09-01,105.577,105.71,22,Canada,69.0
2020-09-01,105.577,105.71,22,Mexico,11.0
2020-09-01,105.577,105.71,22,The rest of NA,18.0
2020-09-01,105.577,105.71,22,Brazil,42.0
2020-09-01,105.577,105.71,22,The rest of SA,32.0
2020-09-01,105.577,105.71,22,Australia,88.0
2020-09-01,105.577,105.71,22,New Zealand,57.0
2020-09-01,105.577,105.71,22,The rest of Oceania,4.0
2020-09-01,105.577,105.71,22,Stateless,4.0
2020-10-01,105.21,104.6,22,South Korea,2021.0
2020-10-01,105.21,104.6,22,China,4502.0
2020-10-01,105.21,104.6,22,Taiwan,1258.0
2020-10-01,105.21,104.6,22,Hong Kong,221.0
2020-10-01,105.21,104.6,22,Thailand,1365.0
2020-10-01,105.21,104.6,22,Singapore,140.0
2020-10-01,105.21,104.6,22,Malaysia,630.0
2020-10-01,105.21,104.6,22,Indonesia,675.0
2020-10-01,105.21,104.6,22,Philippines,423.0
2020-10-01,105.21,104.6,22,Vietnam,6162.0
2020-10-01,105.21,104.6,22,India,714.0
2020-10-01,105.21,104.6,22,Macau,2.0
2020-10-01,105.21,104.6,22,Mongolia,455.0
2020-10-01,105.21,104.6,22,The rest of Asia,4215.0
2020-10-01,105.21,104.6,22,United Kingdom,253.0
2020-10-01,105.21,104.6,22,France,449.0
2020-10-01,105.21,104.6,22,Germany,269.0
2020-10-01,105.21,104.6,22,Italy,133.0
2020-10-01,105.21,104.6,22,Russia,304.0
2020-10-01,105.21,104.6,22,Spain,100.0
2020-10-01,105.21,104.6,22,Sweden,53.0
2020-10-01,105.21,104.6,22,Netherlands,66.0
2020-10-01,105.21,104.6,22,Switzerland,65.0
2020-10-01,105.21,104.6,22,Belgium,41.0
2020-10-01,105.21,104.6,22,Finland,55.0
2020-10-01,105.21,104.6,22,Poland,51.0
2020-10-01,105.21,104.6,22,Denmark,28.0
2020-10-01,105.21,104.6,22,Norway,11.0
2020-10-01,105.21,104.6,22,Austria,32.0
2020-10-01,105.21,104.6,22,Portugal,14.0
2020-10-01,105.21,104.6,22,Ireland,15.0
2020-10-01,105.21,104.6,22,The rest of Europe,440.0
2020-10-01,105.21,104.6,22,Africa,406.0
2020-10-01,105.21,104.6,22,United States,932.0
2020-10-01,105.21,104.6,22,Canada,118.0
2020-10-01,105.21,104.6,22,Mexico,34.0
2020-10-01,105.21,104.6,22,The rest of NA,31.0
2020-10-01,105.21,104.6,22,Brazil,87.0
2020-10-01,105.21,104.6,22,The rest of SA,73.0
2020-10-01,105.21,104.6,22,Australia,200.0
2020-10-01,105.21,104.6,22,New Zealand,129.0
2020-10-01,105.21,104.6,22,The rest of Oceania,17.0
2020-10-01,105.21,104.6,22,Stateless,3.0
2020-11-01,104.421,104.17,21,South Korea,2825.0
2020-11-01,104.421,104.17,21,China,18147.0
2020-11-01,104.421,104.17,21,Taiwan,1177.0
2020-11-01,104.421,104.17,21,Hong Kong,453.0
2020-11-01,104.421,104.17,21,Thailand,1035.0
2020-11-01,104.421,104.17,21,Singapore,161.0
2020-11-01,104.421,104.17,21,Malaysia,430.0
2020-11-01,104.421,104.17,21,Indonesia,3424.0
2020-11-01,104.421,104.17,21,Philippines,1704.0
2020-11-01,104.421,104.17,21,Vietnam,14730.0
2020-11-01,104.421,104.17,21,India,1038.0
2020-11-01,104.421,104.17,21,Macau,15.0
2020-11-01,104.421,104.17,21,Mongolia,617.0
2020-11-01,104.421,104.17,21,The rest of Asia,5156.0
2020-11-01,104.421,104.17,21,United Kingdom,304.0
2020-11-01,104.421,104.17,21,France,473.0
2020-11-01,104.421,104.17,21,Germany,343.0
2020-11-01,104.421,104.17,21,Italy,131.0
2020-11-01,104.421,104.17,21,Russia,671.0
2020-11-01,104.421,104.17,21,Spain,101.0
2020-11-01,104.421,104.17,21,Sweden,59.0
2020-11-01,104.421,104.17,21,Netherlands,73.0
2020-11-01,104.421,104.17,21,Switzerland,44.0
2020-11-01,104.421,104.17,21,Belgium,38.0
2020-11-01,104.421,104.17,21,Finland,38.0
2020-11-01,104.421,104.17,21,Poland,44.0
2020-11-01,104.421,104.17,21,Denmark,39.0
2020-11-01,104.421,104.17,21,Norway,10.0
2020-11-01,104.421,104.17,21,Austria,103.0
2020-11-01,104.421,104.17,21,Portugal,7.0
2020-11-01,104.421,104.17,21,Ireland,30.0
2020-11-01,104.421,104.17,21,The rest of Europe,589.0
2020-11-01,104.421,104.17,21,Africa,513.0
2020-11-01,104.421,104.17,21,United States,1091.0
2020-11-01,104.421,104.17,21,Canada,134.0
2020-11-01,104.421,104.17,21,Mexico,57.0
2020-11-01,104.421,104.17,21,The rest of NA,66.0
2020-11-01,104.421,104.17,21,Brazil,151.0
2020-11-01,104.421,104.17,21,The rest of SA,116.0
2020-11-01,104.421,104.17,21,Australia,255.0
2020-11-01,104.421,104.17,21,New Zealand,100.0
2020-11-01,104.421,104.17,21,The rest of Oceania,17.0
2020-11-01,104.421,104.17,21,Stateless,1.0
2020-12-01,103.766,103.08,22,South Korea,2808.0
2020-12-01,103.766,103.08,22,China,18365.0
2020-12-01,103.766,103.08,22,Taiwan,975.0
2020-12-01,103.766,103.08,22,Hong Kong,287.0
2020-12-01,103.766,103.08,22,Thailand,683.0
2020-12-01,103.766,103.08,22,Singapore,121.0
2020-12-01,103.766,103.08,22,Malaysia,300.0
2020-12-01,103.766,103.08,22,Indonesia,3322.0
2020-12-01,103.766,103.08,22,Philippines,2319.0
2020-12-01,103.766,103.08,22,Vietnam,15713.0
2020-12-01,103.766,103.08,22,India,1628.0
2020-12-01,103.766,103.08,22,Macau,15.0
2020-12-01,103.766,103.08,22,Mongolia,550.0
2020-12-01,103.766,103.08,22,The rest of Asia,6391.0
2020-12-01,103.766,103.08,22,United Kingdom,353.0
2020-12-01,103.766,103.08,22,France,449.0
2020-12-01,103.766,103.08,22,Germany,296.0
2020-12-01,103.766,103.08,22,Italy,153.0
2020-12-01,103.766,103.08,22,Russia,389.0
2020-12-01,103.766,103.08,22,Spain,134.0
2020-12-01,103.766,103.08,22,Sweden,76.0
2020-12-01,103.766,103.08,22,Netherlands,73.0
2020-12-01,103.766,103.08,22,Switzerland,67.0
2020-12-01,103.766,103.08,22,Belgium,46.0
2020-12-01,103.766,103.08,22,Finland,29.0
2020-12-01,103.766,103.08,22,Poland,55.0
2020-12-01,103.766,103.08,22,Denmark,30.0
2020-12-01,103.766,103.08,22,Norway,22.0
2020-12-01,103.766,103.08,22,Austria,23.0
2020-12-01,103.766,103.08,22,Portugal,11.0
2020-12-01,103.766,103.08,22,Ireland,19.0
2020-12-01,103.766,103.08,22,The rest of Europe,403.0
2020-12-01,103.766,103.08,22,Africa,357.0
2020-12-01,103.766,103.08,22,United States,1348.0
2020-12-01,103.766,103.08,22,Canada,183.0
2020-12-01,103.766,103.08,22,Mexico,49.0
2020-12-01,103.766,103.08,22,The rest of NA,75.0
2020-12-01,103.766,103.08,22,Brazil,97.0
2020-12-01,103.766,103.08,22,The rest of SA,97.0
2020-12-01,103.766,103.08,22,Australia,164.0
2020-12-01,103.766,103.08,22,New Zealand,84.0
2020-12-01,103.766,103.08,22,The rest of Oceania,8.0
2020-12-01,103.766,103.08,22,Stateless,2.0
2021-01-01,103.782,104.69,20,South Korea,2535.0
2021-01-01,103.782,104.69,20,China,10225.0
2021-01-01,103.782,104.69,20,Taiwan,592.0
2021-01-01,103.782,104.69,20,Hong Kong,161.0
2021-01-01,103.782,104.69,20,Thailand,719.0
2021-01-01,103.782,104.69,20,Singapore,85.0
2021-01-01,103.782,104.69,20,Malaysia,242.0
2021-01-01,103.782,104.69,20,Indonesia,922.0
2021-01-01,103.782,104.69,20,Philippines,998.0
2021-01-01,103.782,104.69,20,Vietnam,20032.0
2021-01-01,103.782,104.69,20,India,905.0
2021-01-01,103.782,104.69,20,Macau,14.0
2021-01-01,103.782,104.69,20,Mongolia,4.0
2021-01-01,103.782,104.69,20,The rest of Asia,4182.0
2021-01-01,103.782,104.69,20,United Kingdom,256.0
2021-01-01,103.782,104.69,20,France,554.0
2021-01-01,103.782,104.69,20,Germany,351.0
2021-01-01,103.782,104.69,20,Italy,153.0
2021-01-01,103.782,104.69,20,Russia,204.0
2021-01-01,103.782,104.69,20,Spain,174.0
2021-01-01,103.782,104.69,20,Sweden,73.0
2021-01-01,103.782,104.69,20,Netherlands,63.0
2021-01-01,103.782,104.69,20,Switzerland,47.0
2021-01-01,103.782,104.69,20,Belgium,49.0
2021-01-01,103.782,104.69,20,Finland,49.0
2021-01-01,103.782,104.69,20,Poland,47.0
2021-01-01,103.782,104.69,20,Denmark,35.0
2021-01-01,103.782,104.69,20,Norway,29.0
2021-01-01,103.782,104.69,20,Austria,54.0
2021-01-01,103.782,104.69,20,Portugal,32.0
2021-01-01,103.782,104.69,20,Ireland,25.0
2021-01-01,103.782,104.69,20,The rest of Europe,344.0
2021-01-01,103.782,104.69,20,Africa,309.0
2021-01-01,103.782,104.69,20,United States,1206.0
2021-01-01,103.782,104.69,20,Canada,125.0
2021-01-01,103.782,104.69,20,Mexico,56.0
2021-01-01,103.782,104.69,20,The rest of NA,56.0
2021-01-01,103.782,104.69,20,Brazil,254.0
2021-01-01,103.782,104.69,20,The rest of SA,86.0
2021-01-01,103.782,104.69,20,Australia,106.0
2021-01-01,103.782,104.69,20,New Zealand,41.0
2021-01-01,103.782,104.69,20,The rest of Oceania,1.0
2021-01-01,103.782,104.69,20,Stateless,2.0
2021-02-01,105.384,106.29,20,South Korea,910.0
2021-02-01,105.384,106.29,20,China,1747.0
2021-02-01,105.384,106.29,20,Taiwan,423.0
2021-02-01,105.384,106.29,20,Hong Kong,39.0
2021-02-01,105.384,106.29,20,Thailand,92.0
2021-02-01,105.384,106.29,20,Singapore,48.0
2021-02-01,105.384,106.29,20,Malaysia,72.0
2021-02-01,105.384,106.29,20,Indonesia,184.0
2021-02-01,105.384,106.29,20,Philippines,236.0
2021-02-01,105.384,106.29,20,Vietnam,194.0
2021-02-01,105.384,106.29,20,India,649.0
2021-02-01,105.384,106.29,20,Macau,2.0
2021-02-01,105.384,106.29,20,Mongolia,26.0
2021-02-01,105.384,106.29,20,The rest of Asia,1431.0
2021-02-01,105.384,106.29,20,United Kingdom,73.0
2021-02-01,105.384,106.29,20,France,79.0
2021-02-01,105.384,106.29,20,Germany,52.0
2021-02-01,105.384,106.29,20,Italy,34.0
2021-02-01,105.384,106.29,20,Russia,90.0
2021-02-01,105.384,106.29,20,Spain,38.0
2021-02-01,105.384,106.29,20,Sweden,9.0
2021-02-01,105.384,106.29,20,Netherlands,19.0
2021-02-01,105.384,106.29,20,Switzerland,7.0
2021-02-01,105.384,106.29,20,Belgium,13.0
2021-02-01,105.384,106.29,20,Finland,4.0
2021-02-01,105.384,106.29,20,Poland,7.0
2021-02-01,105.384,106.29,20,Denmark,5.0
2021-02-01,105.384,106.29,20,Norway,11.0
2021-02-01,105.384,106.29,20,Austria,24.0
2021-02-01,105.384,106.29,20,Portugal,3.0
2021-02-01,105.384,106.29,20,Ireland,3.0
2021-02-01,105.384,106.29,20,The rest of Europe,83.0
2021-02-01,105.384,106.29,20,Africa,129.0
2021-02-01,105.384,106.29,20,United States,367.0
2021-02-01,105.384,106.29,20,Canada,22.0
2021-02-01,105.384,106.29,20,Mexico,23.0
2021-02-01,105.384,106.29,20,The rest of NA,21.0
2021-02-01,105.384,106.29,20,Brazil,69.0
2021-02-01,105.384,106.29,20,The rest of SA,35.0
2021-02-01,105.384,106.29,20,Australia,33.0
2021-02-01,105.384,106.29,20,New Zealand,15.0
2021-02-01,105.384,106.29,20,The rest of Oceania,3.0
2021-02-01,105.384,106.29,20,Stateless,3.0
2021-03-01,108.738,110.8,23,South Korea,1956.0
2021-03-01,108.738,110.8,23,China,3951.0
2021-03-01,108.738,110.8,23,Taiwan,552.0
2021-03-01,108.738,110.8,23,Hong Kong,58.0
2021-03-01,108.738,110.8,23,Thailand,145.0
2021-03-01,108.738,110.8,23,Singapore,61.0
2021-03-01,108.738,110.8,23,Malaysia,99.0
2021-03-01,108.738,110.8,23,Indonesia,263.0
2021-03-01,108.738,110.8,23,Philippines,218.0
2021-03-01,108.738,110.8,23,Vietnam,230.0
2021-03-01,108.738,110.8,23,India,735.0
2021-03-01,108.738,110.8,23,Macau,5.0
2021-03-01,108.738,110.8,23,Mongolia,71.0
2021-03-01,108.738,110.8,23,The rest of Asia,1892.0
2021-03-01,108.738,110.8,23,United Kingdom,157.0
2021-03-01,108.738,110.8,23,France,87.0
2021-03-01,108.738,110.8,23,Germany,79.0
2021-03-01,108.738,110.8,23,Italy,50.0
2021-03-01,108.738,110.8,23,Russia,92.0
2021-03-01,108.738,110.8,23,Spain,83.0
2021-03-01,108.738,110.8,23,Sweden,6.0
2021-03-01,108.738,110.8,23,Netherlands,24.0
2021-03-01,108.738,110.8,23,Switzerland,17.0
2021-03-01,108.738,110.8,23,Belgium,16.0
2021-03-01,108.738,110.8,23,Finland,8.0
2021-03-01,108.738,110.8,23,Poland,16.0
2021-03-01,108.738,110.8,23,Denmark,17.0
2021-03-01,108.738,110.8,23,Norway,5.0
2021-03-01,108.738,110.8,23,Austria,33.0
2021-03-01,108.738,110.8,23,Portugal,7.0
2021-03-01,108.738,110.8,23,Ireland,10.0
2021-03-01,108.738,110.8,23,The rest of Europe,230.0
2021-03-01,108.738,110.8,23,Africa,206.0
2021-03-01,108.738,110.8,23,United States,550.0
2021-03-01,108.738,110.8,23,Canada,48.0
2021-03-01,108.738,110.8,23,Mexico,23.0
2021-03-01,108.738,110.8,23,The rest of NA,24.0
2021-03-01,108.738,110.8,23,Brazil,38.0
2021-03-01,108.738,110.8,23,The rest of SA,63.0
2021-03-01,108.738,110.8,23,Australia,47.0
2021-03-01,108.738,110.8,23,New Zealand,23.0
2021-03-01,108.738,110.8,23,The rest of Oceania,5.0
2021-03-01,108.738,110.8,23,Stateless,2.0
2021-04-01,108.936,108.94,20,South Korea,1076.0
2021-04-01,108.936,108.94,20,China,3271.0
2021-04-01,108.936,108.94,20,Taiwan,405.0
2021-04-01,108.936,108.94,20,Hong Kong,59.0
2021-04-01,108.936,108.94,20,Thailand,154.0
2021-04-01,108.936,108.94,20,Singapore,40.0
2021-04-01,108.936,108.94,20,Malaysia,95.0
2021-04-01,108.936,108.94,20,Indonesia,198.0
2021-04-01,108.936,108.94,20,Philippines,212.0
2021-04-01,108.936,108.94,20,Vietnam,332.0
2021-04-01,108.936,108.94,20,India,555.0
2021-04-01,108.936,108.94,20,Macau,3.0
2021-04-01,108.936,108.94,20,Mongolia,23.0
2021-04-01,108.936,108.94,20,The rest of Asia,1843.0
2021-04-01,108.936,108.94,20,United Kingdom,185.0
2021-04-01,108.936,108.94,20,France,123.0
2021-04-01,108.936,108.94,20,Germany,139.0
2021-04-01,108.936,108.94,20,Italy,91.0
2021-04-01,108.936,108.94,20,Russia,132.0
2021-04-01,108.936,108.94,20,Spain,79.0
2021-04-01,108.936,108.94,20,Sweden,20.0
2021-04-01,108.936,108.94,20,Netherlands,33.0
2021-04-01,108.936,108.94,20,Switzerland,44.0
2021-04-01,108.936,108.94,20,Belgium,13.0
2021-04-01,108.936,108.94,20,Finland,10.0
2021-04-01,108.936,108.94,20,Poland,29.0
2021-04-01,108.936,108.94,20,Denmark,11.0
2021-04-01,108.936,108.94,20,Norway,3.0
2021-04-01,108.936,108.94,20,Austria,22.0
2021-04-01,108.936,108.94,20,Portugal,7.0
2021-04-01,108.936,108.94,20,Ireland,11.0
2021-04-01,108.936,108.94,20,The rest of Europe,247.0
2021-04-01,108.936,108.94,20,Africa,214.0
2021-04-01,108.936,108.94,20,United States,583.0
2021-04-01,108.936,108.94,20,Canada,105.0
2021-04-01,108.936,108.94,20,Mexico,39.0
2021-04-01,108.936,108.94,20,The rest of NA,60.0
2021-04-01,108.936,108.94,20,Brazil,83.0
2021-04-01,108.936,108.94,20,The rest of SA,90.0
2021-04-01,108.936,108.94,20,Australia,95.0
2021-04-01,108.936,108.94,20,New Zealand,31.0
2021-04-01,108.936,108.94,20,The rest of Oceania,3.0
2021-04-01,108.936,108.94,20,Stateless,2.0
2021-05-01,109.148,109.65,21,South Korea,950.0
2021-05-01,109.148,109.65,21,China,1823.0
2021-05-01,109.148,109.65,21,Taiwan,327.0
2021-05-01,109.148,109.65,21,Hong Kong,65.0
2021-05-01,109.148,109.65,21,Thailand,235.0
2021-05-01,109.148,109.65,21,Singapore,37.0
2021-05-01,109.148,109.65,21,Malaysia,146.0
2021-05-01,109.148,109.65,21,Indonesia,305.0
2021-05-01,109.148,109.65,21,Philippines,624.0
2021-05-01,109.148,109.65,21,Vietnam,425.0
2021-05-01,109.148,109.65,21,India,459.0
2021-05-01,109.148,109.65,21,Macau,2.0
2021-05-01,109.148,109.65,21,Mongolia,139.0
2021-05-01,109.148,109.65,21,The rest of Asia,1249.0
2021-05-01,109.148,109.65,21,United Kingdom,193.0
2021-05-01,109.148,109.65,21,France,209.0
2021-05-01,109.148,109.65,21,Germany,217.0
2021-05-01,109.148,109.65,21,Italy,94.0
2021-05-01,109.148,109.65,21,Russia,160.0
2021-05-01,109.148,109.65,21,Spain,158.0
2021-05-01,109.148,109.65,21,Sweden,18.0
2021-05-01,109.148,109.65,21,Netherlands,44.0
2021-05-01,109.148,109.65,21,Switzerland,41.0
2021-05-01,109.148,109.65,21,Belgium,23.0
2021-05-01,109.148,109.65,21,Finland,14.0
2021-05-01,109.148,109.65,21,Poland,19.0
2021-05-01,109.148,109.65,21,Denmark,17.0
2021-05-01,109.148,109.65,21,Norway,11.0
2021-05-01,109.148,109.65,21,Austria,26.0
2021-05-01,109.148,109.65,21,Portugal,21.0
2021-05-01,109.148,109.65,21,Ireland,24.0
2021-05-01,109.148,109.65,21,The rest of Europe,287.0
2021-05-01,109.148,109.65,21,Africa,213.0
2021-05-01,109.148,109.65,21,United States,958.0
2021-05-01,109.148,109.65,21,Canada,63.0
2021-05-01,109.148,109.65,21,Mexico,37.0
2021-05-01,109.148,109.65,21,The rest of NA,43.0
2021-05-01,109.148,109.65,21,Brazil,86.0
2021-05-01,109.148,109.65,21,The rest of SA,58.0
2021-05-01,109.148,109.65,21,Australia,85.0
2021-05-01,109.148,109.65,21,New Zealand,29.0
2021-05-01,109.148,109.65,21,The rest of Oceania,14.0
2021-05-01,109.148,109.65,21,Stateless,2.0
2021-06-01,110.1,110.59,22,South Korea,835.0
2021-06-01,110.1,110.59,22,China,1973.0
2021-06-01,110.1,110.59,22,Taiwan,300.0
2021-06-01,110.1,110.59,22,Hong Kong,53.0
2021-06-01,110.1,110.59,22,Thailand,139.0
2021-06-01,110.1,110.59,22,Singapore,40.0
2021-06-01,110.1,110.59,22,Malaysia,106.0
2021-06-01,110.1,110.59,22,Indonesia,472.0
2021-06-01,110.1,110.59,22,Philippines,392.0
2021-06-01,110.1,110.59,22,Vietnam,416.0
2021-06-01,110.1,110.59,22,India,68.0
2021-06-01,110.1,110.59,22,Macau,4.0
2021-06-01,110.1,110.59,22,Mongolia,160.0
2021-06-01,110.1,110.59,22,The rest of Asia,333.0
2021-06-01,110.1,110.59,22,United Kingdom,338.0
2021-06-01,110.1,110.59,22,France,195.0
2021-06-01,110.1,110.59,22,Germany,183.0
2021-06-01,110.1,110.59,22,Italy,101.0
2021-06-01,110.1,110.59,22,Russia,145.0
2021-06-01,110.1,110.59,22,Spain,108.0
2021-06-01,110.1,110.59,22,Sweden,16.0
2021-06-01,110.1,110.59,22,Netherlands,44.0
2021-06-01,110.1,110.59,22,Switzerland,33.0
2021-06-01,110.1,110.59,22,Belgium,21.0
2021-06-01,110.1,110.59,22,Finland,31.0
2021-06-01,110.1,110.59,22,Poland,25.0
2021-06-01,110.1,110.59,22,Denmark,23.0
2021-06-01,110.1,110.59,22,Norway,9.0
2021-06-01,110.1,110.59,22,Austria,32.0
2021-06-01,110.1,110.59,22,Portugal,37.0
2021-06-01,110.1,110.59,22,Ireland,14.0
2021-06-01,110.1,110.59,22,The rest of Europe,449.0
2021-06-01,110.1,110.59,22,Africa,324.0
2021-06-01,110.1,110.59,22,United States,1162.0
2021-06-01,110.1,110.59,22,Canada,110.0
2021-06-01,110.1,110.59,22,Mexico,83.0
2021-06-01,110.1,110.59,22,The rest of NA,42.0
2021-06-01,110.1,110.59,22,Brazil,105.0
2021-06-01,110.1,110.59,22,The rest of SA,50.0
2021-06-01,110.1,110.59,22,Australia,116.0
2021-06-01,110.1,110.59,22,New Zealand,26.0
2021-06-01,110.1,110.59,22,The rest of Oceania,23.0
2021-06-01,110.1,110.59,22,Stateless,1.0
2021-07-01,110.261,109.65,22,South Korea,1808.0
2021-07-01,110.261,109.65,22,China,3931.0
2021-07-01,110.261,109.65,22,Taiwan,549.0
2021-07-01,110.261,109.65,22,Hong Kong,253.0
2021-07-01,110.261,109.65,22,Thailand,233.0
2021-07-01,110.261,109.65,22,Singapore,172.0
2021-07-01,110.261,109.65,22,Malaysia,233.0
2021-07-01,110.261,109.65,22,Indonesia,360.0
2021-07-01,110.261,109.65,22,Philippines,495.0
2021-07-01,110.261,109.65,22,Vietnam,389.0
2021-07-01,110.261,109.65,22,India,376.0
2021-07-01,110.261,109.65,22,Macau,6.0
2021-07-01,110.261,109.65,22,Mongolia,178.0
2021-07-01,110.261,109.65,22,The rest of Asia,942.0
2021-07-01,110.261,109.65,22,United Kingdom,3420.0
2021-07-01,110.261,109.65,22,France,2515.0
2021-07-01,110.261,109.65,22,Germany,2175.0
2021-07-01,110.261,109.65,22,Italy,1728.0
2021-07-01,110.261,109.65,22,Russia,1197.0
2021-07-01,110.261,109.65,22,Spain,1433.0
2021-07-01,110.261,109.65,22,Sweden,570.0
2021-07-01,110.261,109.65,22,Netherlands,1044.0
2021-07-01,110.261,109.65,22,Switzerland,791.0
2021-07-01,110.261,109.65,22,Belgium,610.0
2021-07-01,110.261,109.65,22,Finland,381.0
2021-07-01,110.261,109.65,22,Poland,739.0
2021-07-01,110.261,109.65,22,Denmark,404.0
2021-07-01,110.261,109.65,22,Norway,318.0
2021-07-01,110.261,109.65,22,Austria,353.0
2021-07-01,110.261,109.65,22,Portugal,410.0
2021-07-01,110.261,109.65,22,Ireland,419.0
2021-07-01,110.261,109.65,22,The rest of Europe,5196.0
2021-07-01,110.261,109.65,22,Africa,2557.0
2021-07-01,110.261,109.65,22,United States,6139.0
2021-07-01,110.261,109.65,22,Canada,1545.0
2021-07-01,110.261,109.65,22,Mexico,477.0
2021-07-01,110.261,109.65,22,The rest of NA,878.0
2021-07-01,110.261,109.65,22,Brazil,1127.0
2021-07-01,110.261,109.65,22,The rest of SA,1283.0
2021-07-01,110.261,109.65,22,Australia,1570.0
2021-07-01,110.261,109.65,22,New Zealand,700.0
2021-07-01,110.261,109.65,22,The rest of Oceania,149.0
2021-07-01,110.261,109.65,22,Stateless,14.0
2021-08-01,109.827,109.81,22,South Korea,1647.0
2021-08-01,109.827,109.81,22,China,2396.0
2021-08-01,109.827,109.81,22,Taiwan,387.0
2021-08-01,109.827,109.81,22,Hong Kong,123.0
2021-08-01,109.827,109.81,22,Thailand,272.0
2021-08-01,109.827,109.81,22,Singapore,92.0
2021-08-01,109.827,109.81,22,Malaysia,182.0
2021-08-01,109.827,109.81,22,Indonesia,583.0
2021-08-01,109.827,109.81,22,Philippines,360.0
2021-08-01,109.827,109.81,22,Vietnam,416.0
2021-08-01,109.827,109.81,22,India,290.0
2021-08-01,109.827,109.81,22,Macau,5.0
2021-08-01,109.827,109.81,22,Mongolia,149.0
2021-08-01,109.827,109.81,22,The rest of Asia,1099.0
2021-08-01,109.827,109.81,22,United Kingdom,1307.0
2021-08-01,109.827,109.81,22,France,1802.0
2021-08-01,109.827,109.81,22,Germany,960.0
2021-08-01,109.827,109.81,22,Italy,597.0
2021-08-01,109.827,109.81,22,Russia,778.0
2021-08-01,109.827,109.81,22,Spain,575.0
2021-08-01,109.827,109.81,22,Sweden,206.0
2021-08-01,109.827,109.81,22,Netherlands,333.0
2021-08-01,109.827,109.81,22,Switzerland,203.0
2021-08-01,109.827,109.81,22,Belgium,222.0
2021-08-01,109.827,109.81,22,Finland,118.0
2021-08-01,109.827,109.81,22,Poland,283.0
2021-08-01,109.827,109.81,22,Denmark,176.0
2021-08-01,109.827,109.81,22,Norway,82.0
2021-08-01,109.827,109.81,22,Austria,126.0
2021-08-01,109.827,109.81,22,Portugal,133.0
2021-08-01,109.827,109.81,22,Ireland,142.0
2021-08-01,109.827,109.81,22,The rest of Europe,2050.0
2021-08-01,109.827,109.81,22,Africa,1382.0
2021-08-01,109.827,109.81,22,United States,2981.0
2021-08-01,109.827,109.81,22,Canada,533.0
2021-08-01,109.827,109.81,22,Mexico,225.0
2021-08-01,109.827,109.81,22,The rest of NA,227.0
2021-08-01,109.827,109.81,22,Brazil,568.0
2021-08-01,109.827,109.81,22,The rest of SA,524.0
2021-08-01,109.827,109.81,22,Australia,524.0
2021-08-01,109.827,109.81,22,New Zealand,156.0
2021-08-01,109.827,109.81,22,The rest of Oceania,20.0
2021-08-01,109.827,109.81,22,Stateless,2.0
2021-09-01,110.159,111.99,22,South Korea,2224.0
2021-09-01,110.159,111.99,22,China,3960.0
2021-09-01,110.159,111.99,22,Taiwan,390.0
2021-09-01,110.159,111.99,22,Hong Kong,120.0
2021-09-01,110.159,111.99,22,Thailand,153.0
2021-09-01,110.159,111.99,22,Singapore,70.0
2021-09-01,110.159,111.99,22,Malaysia,231.0
2021-09-01,110.159,111.99,22,Indonesia,518.0
2021-09-01,110.159,111.99,22,Philippines,441.0
2021-09-01,110.159,111.99,22,Vietnam,1012.0
2021-09-01,110.159,111.99,22,India,493.0
2021-09-01,110.159,111.99,22,Macau,5.0
2021-09-01,110.159,111.99,22,Mongolia,181.0
2021-09-01,110.159,111.99,22,The rest of Asia,2162.0
2021-09-01,110.159,111.99,22,United Kingdom,277.0
2021-09-01,110.159,111.99,22,France,484.0
2021-09-01,110.159,111.99,22,Germany,319.0
2021-09-01,110.159,111.99,22,Italy,220.0
2021-09-01,110.159,111.99,22,Russia,231.0
2021-09-01,110.159,111.99,22,Spain,126.0
2021-09-01,110.159,111.99,22,Sweden,62.0
2021-09-01,110.159,111.99,22,Netherlands,64.0
2021-09-01,110.159,111.99,22,Switzerland,61.0
2021-09-01,110.159,111.99,22,Belgium,42.0
2021-09-01,110.159,111.99,22,Finland,24.0
2021-09-01,110.159,111.99,22,Poland,56.0
2021-09-01,110.159,111.99,22,Denmark,26.0
2021-09-01,110.159,111.99,22,Norway,34.0
2021-09-01,110.159,111.99,22,Austria,46.0
2021-09-01,110.159,111.99,22,Portugal,23.0
2021-09-01,110.159,111.99,22,Ireland,38.0
2021-09-01,110.159,111.99,22,The rest of Europe,661.0
2021-09-01,110.159,111.99,22,Africa,341.0
2021-09-01,110.159,111.99,22,United States,1657.0
2021-09-01,110.159,111.99,22,Canada,220.0
2021-09-01,110.159,111.99,22,Mexico,24.0
2021-09-01,110.159,111.99,22,The rest of NA,35.0
2021-09-01,110.159,111.99,22,Brazil,122.0
2021-09-01,110.159,111.99,22,The rest of SA,55.0
2021-09-01,110.159,111.99,22,Australia,121.0
2021-09-01,110.159,111.99,22,New Zealand,111.0
2021-09-01,110.159,111.99,22,The rest of Oceania,10.0
2021-09-01,110.159,111.99,22,Stateless,2.0
2021-10-01,113.098,113.89,21,South Korea,1921.0
2021-10-01,113.098,113.89,21,China,4009.0
2021-10-01,113.098,113.89,21,Taiwan,425.0
2021-10-01,113.098,113.89,21,Hong Kong,144.0
2021-10-01,113.098,113.89,21,Thailand,195.0
2021-10-01,113.098,113.89,21,Singapore,66.0
2021-10-01,113.098,113.89,21,Malaysia,237.0
2021-10-01,113.098,113.89,21,Indonesia,454.0
2021-10-01,113.098,113.89,21,Philippines,867.0
2021-10-01,113.098,113.89,21,Vietnam,995.0
2021-10-01,113.098,113.89,21,India,1487.0
2021-10-01,113.098,113.89,21,Macau,4.0
2021-10-01,113.098,113.89,21,Mongolia,321.0
2021-10-01,113.098,113.89,21,The rest of Asia,3947.0
2021-10-01,113.098,113.89,21,United Kingdom,360.0
2021-10-01,113.098,113.89,21,France,423.0
2021-10-01,113.098,113.89,21,Germany,352.0
2021-10-01,113.098,113.89,21,Italy,228.0
2021-10-01,113.098,113.89,21,Russia,346.0
2021-10-01,113.098,113.89,21,Spain,130.0
2021-10-01,113.098,113.89,21,Sweden,62.0
2021-10-01,113.098,113.89,21,Netherlands,91.0
2021-10-01,113.098,113.89,21,Switzerland,88.0
2021-10-01,113.098,113.89,21,Belgium,56.0
2021-10-01,113.098,113.89,21,Finland,65.0
2021-10-01,113.098,113.89,21,Poland,61.0
2021-10-01,113.098,113.89,21,Denmark,31.0
2021-10-01,113.098,113.89,21,Norway,34.0
2021-10-01,113.098,113.89,21,Austria,73.0
2021-10-01,113.098,113.89,21,Portugal,32.0
2021-10-01,113.098,113.89,21,Ireland,26.0
2021-10-01,113.098,113.89,21,The rest of Europe,947.0
2021-10-01,113.098,113.89,21,Africa,392.0
2021-10-01,113.098,113.89,21,United States,2035.0
2021-10-01,113.098,113.89,21,Canada,302.0
2021-10-01,113.098,113.89,21,Mexico,47.0
2021-10-01,113.098,113.89,21,The rest of NA,54.0
2021-10-01,113.098,113.89,21,Brazil,131.0
2021-10-01,113.098,113.89,21,The rest of SA,87.0
2021-10-01,113.098,113.89,21,Australia,284.0
2021-10-01,113.098,113.89,21,New Zealand,90.0
2021-10-01,113.098,113.89,21,The rest of Oceania,18.0
2021-10-01,113.098,113.89,21,Stateless,2.0
2021-11-01,114.002,112.82,22,South Korea,2021.0
2021-11-01,114.002,112.82,22,China,3189.0
2021-11-01,114.002,112.82,22,Taiwan,390.0
2021-11-01,114.002,112.82,22,Hong Kong,104.0
2021-11-01,114.002,112.82,22,Thailand,248.0
2021-11-01,114.002,112.82,22,Singapore,95.0
2021-11-01,114.002,112.82,22,Malaysia,130.0
2021-11-01,114.002,112.82,22,Indonesia,688.0
2021-11-01,114.002,112.82,22,Philippines,544.0
2021-11-01,114.002,112.82,22,Vietnam,1814.0
2021-11-01,114.002,112.82,22,India,1571.0
2021-11-01,114.002,112.82,22,Macau,3.0
2021-11-01,114.002,112.82,22,Mongolia,287.0
2021-11-01,114.002,112.82,22,The rest of Asia,3894.0
2021-11-01,114.002,112.82,22,United Kingdom,546.0
2021-11-01,114.002,112.82,22,France,349.0
2021-11-01,114.002,112.82,22,Germany,273.0
2021-11-01,114.002,112.82,22,Italy,158.0
2021-11-01,114.002,112.82,22,Russia,265.0
2021-11-01,114.002,112.82,22,Spain,87.0
2021-11-01,114.002,112.82,22,Sweden,44.0
2021-11-01,114.002,112.82,22,Netherlands,65.0
2021-11-01,114.002,112.82,22,Switzerland,38.0
2021-11-01,114.002,112.82,22,Belgium,35.0
2021-11-01,114.002,112.82,22,Finland,23.0
2021-11-01,114.002,112.82,22,Poland,56.0
2021-11-01,114.002,112.82,22,Denmark,35.0
2021-11-01,114.002,112.82,22,Norway,16.0
2021-11-01,114.002,112.82,22,Austria,90.0
2021-11-01,114.002,112.82,22,Portugal,16.0
2021-11-01,114.002,112.82,22,Ireland,80.0
2021-11-01,114.002,112.82,22,The rest of Europe,414.0
2021-11-01,114.002,112.82,22,Africa,519.0
2021-11-01,114.002,112.82,22,United States,1432.0
2021-11-01,114.002,112.82,22,Canada,361.0
2021-11-01,114.002,112.82,22,Mexico,51.0
2021-11-01,114.002,112.82,22,The rest of NA,86.0
2021-11-01,114.002,112.82,22,Brazil,104.0
2021-11-01,114.002,112.82,22,The rest of SA,113.0
2021-11-01,114.002,112.82,22,Australia,160.0
2021-11-01,114.002,112.82,22,New Zealand,125.0
2021-11-01,114.002,112.82,22,The rest of Oceania,31.0
2021-11-01,114.002,112.82,22,Stateless,0.0
2021-12-01,113.943,115.12,23,South Korea,1064.0
2021-12-01,113.943,115.12,23,China,1764.0
2021-12-01,113.943,115.12,23,Taiwan,276.0
2021-12-01,113.943,115.12,23,Hong Kong,73.0
2021-12-01,113.943,115.12,23,Thailand,173.0
2021-12-01,113.943,115.12,23,Singapore,51.0
2021-12-01,113.943,115.12,23,Malaysia,58.0
2021-12-01,113.943,115.12,23,Indonesia,262.0
2021-12-01,113.943,115.12,23,Philippines,238.0
2021-12-01,113.943,115.12,23,Vietnam,331.0
2021-12-01,113.943,115.12,23,India,1243.0
2021-12-01,113.943,115.12,23,Macau,1.0
2021-12-01,113.943,115.12,23,Mongolia,146.0
2021-12-01,113.943,115.12,23,The rest of Asia,3707.0
2021-12-01,113.943,115.12,23,United Kingdom,182.0
2021-12-01,113.943,115.12,23,France,204.0
2021-12-01,113.943,115.12,23,Germany,97.0
2021-12-01,113.943,115.12,23,Italy,73.0
2021-12-01,113.943,115.12,23,Russia,83.0
2021-12-01,113.943,115.12,23,Spain,62.0
2021-12-01,113.943,115.12,23,Sweden,26.0
2021-12-01,113.943,115.12,23,Netherlands,36.0
2021-12-01,113.943,115.12,23,Switzerland,17.0
2021-12-01,113.943,115.12,23,Belgium,22.0
2021-12-01,113.943,115.12,23,Finland,9.0
2021-12-01,113.943,115.12,23,Poland,12.0
2021-12-01,113.943,115.12,23,Denmark,14.0
2021-12-01,113.943,115.12,23,Norway,5.0
2021-12-01,113.943,115.12,23,Austria,9.0
2021-12-01,113.943,115.12,23,Portugal,7.0
2021-12-01,113.943,115.12,23,Ireland,28.0
2021-12-01,113.943,115.12,23,The rest of Europe,158.0
2021-12-01,113.943,115.12,23,Africa,183.0
2021-12-01,113.943,115.12,23,United States,956.0
2021-12-01,113.943,115.12,23,Canada,102.0
2021-12-01,113.943,115.12,23,Mexico,39.0
2021-12-01,113.943,115.12,23,The rest of NA,26.0
2021-12-01,113.943,115.12,23,Brazil,44.0
2021-12-01,113.943,115.12,23,The rest of SA,29.0
2021-12-01,113.943,115.12,23,Australia,124.0
2021-12-01,113.943,115.12,23,New Zealand,57.0
2021-12-01,113.943,115.12,23,The rest of Oceania,7.0
2021-12-01,113.943,115.12,23,Stateless,1.0
2022-01-01,114.907,115.44,21,South Korea,1264.0
2022-01-01,114.907,115.44,21,China,1490.0
2022-01-01,114.907,115.44,21,Taiwan,492.0
2022-01-01,114.907,115.44,21,Hong Kong,71.0
2022-01-01,114.907,115.44,21,Thailand,356.0
2022-01-01,114.907,115.44,21,Singapore,72.0
2022-01-01,114.907,115.44,21,Malaysia,171.0
2022-01-01,114.907,115.44,21,Indonesia,484.0
2022-01-01,114.907,115.44,21,Philippines,952.0
2022-01-01,114.907,115.44,21,Vietnam,424.0
2022-01-01,114.907,115.44,21,India,2058.0
2022-01-01,114.907,115.44,21,Macau,5.0
2022-01-01,114.907,115.44,21,Mongolia,186.0
2022-01-01,114.907,115.44,21,The rest of Asia,3163.0
2022-01-01,114.907,115.44,21,United Kingdom,485.0
2022-01-01,114.907,115.44,21,France,676.0
2022-01-01,114.907,115.44,21,Germany,335.0
2022-01-01,114.907,115.44,21,Italy,252.0
2022-01-01,114.907,115.44,21,Russia,220.0
2022-01-01,114.907,115.44,21,Spain,301.0
2022-01-01,114.907,115.44,21,Sweden,65.0
2022-01-01,114.907,115.44,21,Netherlands,77.0
2022-01-01,114.907,115.44,21,Switzerland,40.0
2022-01-01,114.907,115.44,21,Belgium,47.0
2022-01-01,114.907,115.44,21,Finland,42.0
2022-01-01,114.907,115.44,21,Poland,50.0
2022-01-01,114.907,115.44,21,Denmark,45.0
2022-01-01,114.907,115.44,21,Norway,28.0
2022-01-01,114.907,115.44,21,Austria,39.0
2022-01-01,114.907,115.44,21,Portugal,22.0
2022-01-01,114.907,115.44,21,Ireland,72.0
2022-01-01,114.907,115.44,21,The rest of Europe,372.0
2022-01-01,114.907,115.44,21,Africa,331.0
2022-01-01,114.907,115.44,21,United States,1785.0
2022-01-01,114.907,115.44,21,Canada,223.0
2022-01-01,114.907,115.44,21,Mexico,110.0
2022-01-01,114.907,115.44,21,The rest of NA,119.0
2022-01-01,114.907,115.44,21,Brazil,279.0
2022-01-01,114.907,115.44,21,The rest of SA,133.0
2022-01-01,114.907,115.44,21,Australia,220.0
2022-01-01,114.907,115.44,21,New Zealand,40.0
2022-01-01,114.907,115.44,21,The rest of Oceania,6.0
2022-01-01,114.907,115.44,21,Stateless,3.0
2022-02-01,115.198,115.47,20,South Korea,913.0
2022-02-01,115.198,115.47,20,China,2359.0
2022-02-01,115.198,115.47,20,Taiwan,601.0
2022-02-01,115.198,115.47,20,Hong Kong,70.0
2022-02-01,115.198,115.47,20,Thailand,137.0
2022-02-01,115.198,115.47,20,Singapore,86.0
2022-02-01,115.198,115.47,20,Malaysia,109.0
2022-02-01,115.198,115.47,20,Indonesia,539.0
2022-02-01,115.198,115.47,20,Philippines,952.0
2022-02-01,115.198,115.47,20,Vietnam,2613.0
2022-02-01,115.198,115.47,20,India,1660.0
2022-02-01,115.198,115.47,20,Macau,3.0
2022-02-01,115.198,115.47,20,Mongolia,198.0
2022-02-01,115.198,115.47,20,The rest of Asia,4078.0
2022-02-01,115.198,115.47,20,United Kingdom,148.0
2022-02-01,115.198,115.47,20,France,140.0
2022-02-01,115.198,115.47,20,Germany,81.0
2022-02-01,115.198,115.47,20,Italy,46.0
2022-02-01,115.198,115.47,20,Russia,112.0
2022-02-01,115.198,115.47,20,Spain,53.0
2022-02-01,115.198,115.47,20,Sweden,12.0
2022-02-01,115.198,115.47,20,Netherlands,18.0
2022-02-01,115.198,115.47,20,Switzerland,21.0
2022-02-01,115.198,115.47,20,Belgium,13.0
2022-02-01,115.198,115.47,20,Finland,11.0
2022-02-01,115.198,115.47,20,Poland,9.0
2022-02-01,115.198,115.47,20,Denmark,11.0
2022-02-01,115.198,115.47,20,Norway,10.0
2022-02-01,115.198,115.47,20,Austria,9.0
2022-02-01,115.198,115.47,20,Portugal,8.0
2022-02-01,115.198,115.47,20,Ireland,19.0
2022-02-01,115.198,115.47,20,The rest of Europe,208.0
2022-02-01,115.198,115.47,20,Africa,282.0
2022-02-01,115.198,115.47,20,United States,595.0
2022-02-01,115.198,115.47,20,Canada,101.0
2022-02-01,115.198,115.47,20,Mexico,22.0
2022-02-01,115.198,115.47,20,The rest of NA,37.0
2022-02-01,115.198,115.47,20,Brazil,117.0
2022-02-01,115.198,115.47,20,The rest of SA,73.0
2022-02-01,115.198,115.47,20,Australia,134.0
2022-02-01,115.198,115.47,20,New Zealand,26.0
2022-02-01,115.198,115.47,20,The rest of Oceania,8.0
2022-02-01,115.198,115.47,20,Stateless,0.0
2022-03-01,118.623,121.76,23,South Korea,6694.0
2022-03-01,118.623,121.76,23,China,9799.0
2022-03-01,118.623,121.76,23,Taiwan,2461.0
2022-03-01,118.623,121.76,23,Hong Kong,488.0
2022-03-01,118.623,121.76,23,Thailand,2165.0
2022-03-01,118.623,121.76,23,Singapore,294.0
2022-03-01,118.623,121.76,23,Malaysia,569.0
2022-03-01,118.623,121.76,23,Indonesia,5486.0
2022-03-01,118.623,121.76,23,Philippines,4211.0
2022-03-01,118.623,121.76,23,Vietnam,10096.0
2022-03-01,118.623,121.76,23,India,2279.0
2022-03-01,118.623,121.76,23,Macau,9.0
2022-03-01,118.623,121.76,23,Mongolia,1211.0
2022-03-01,118.623,121.76,23,The rest of Asia,8490.0
2022-03-01,118.623,121.76,23,United Kingdom,763.0
2022-03-01,118.623,121.76,23,France,835.0
2022-03-01,118.623,121.76,23,Germany,714.0
2022-03-01,118.623,121.76,23,Italy,394.0
2022-03-01,118.623,121.76,23,Russia,558.0
2022-03-01,118.623,121.76,23,Spain,262.0
2022-03-01,118.623,121.76,23,Sweden,109.0
2022-03-01,118.623,121.76,23,Netherlands,195.0
2022-03-01,118.623,121.76,23,Switzerland,132.0
2022-03-01,118.623,121.76,23,Belgium,129.0
2022-03-01,118.623,121.76,23,Finland,70.0
2022-03-01,118.623,121.76,23,Poland,88.0
2022-03-01,118.623,121.76,23,Denmark,87.0
2022-03-01,118.623,121.76,23,Norway,80.0
2022-03-01,118.623,121.76,23,Austria,81.0
2022-03-01,118.623,121.76,23,Portugal,68.0
2022-03-01,118.623,121.76,23,Ireland,62.0
2022-03-01,118.623,121.76,23,The rest of Europe,1131.0
2022-03-01,118.623,121.76,23,Africa,772.0
2022-03-01,118.623,121.76,23,United States,3199.0
2022-03-01,118.623,121.76,23,Canada,362.0
2022-03-01,118.623,121.76,23,Mexico,165.0
2022-03-01,118.623,121.76,23,The rest of NA,99.0
2022-03-01,118.623,121.76,23,Brazil,275.0
2022-03-01,118.623,121.76,23,The rest of SA,180.0
2022-03-01,118.623,121.76,23,Australia,612.0
2022-03-01,118.623,121.76,23,New Zealand,106.0
2022-03-01,118.623,121.76,23,The rest of Oceania,38.0
2022-03-01,118.623,121.76,23,Stateless,7.0
2022-04-01,126.297,129.99,19,South Korea,7699.0
2022-04-01,126.297,129.99,19,China,22371.0
2022-04-01,126.297,129.99,19,Taiwan,2838.0
2022-04-01,126.297,129.99,19,Hong Kong,1320.0
2022-04-01,126.297,129.99,19,Thailand,3193.0
2022-04-01,126.297,129.99,19,Singapore,597.0
2022-04-01,126.297,129.99,19,Malaysia,1094.0
2022-04-01,126.297,129.99,19,Indonesia,11666.0
2022-04-01,126.297,129.99,19,Philippines,8485.0
2022-04-01,126.297,129.99,19,Vietnam,29810.0
2022-04-01,126.297,129.99,19,India,3649.0
2022-04-01,126.297,129.99,19,Macau,42.0
2022-04-01,126.297,129.99,19,Mongolia,2086.0
2022-04-01,126.297,129.99,19,The rest of Asia,23359.0
2022-04-01,126.297,129.99,19,United Kingdom,1610.0
2022-04-01,126.297,129.99,19,France,1735.0
2022-04-01,126.297,129.99,19,Germany,1649.0
2022-04-01,126.297,129.99,19,Italy,800.0
2022-04-01,126.297,129.99,19,Russia,751.0
2022-04-01,126.297,129.99,19,Spain,444.0
2022-04-01,126.297,129.99,19,Sweden,258.0
2022-04-01,126.297,129.99,19,Netherlands,381.0
2022-04-01,126.297,129.99,19,Switzerland,322.0
2022-04-01,126.297,129.99,19,Belgium,175.0
2022-04-01,126.297,129.99,19,Finland,147.0
2022-04-01,126.297,129.99,19,Poland,119.0
2022-04-01,126.297,129.99,19,Denmark,167.0
2022-04-01,126.297,129.99,19,Norway,99.0
2022-04-01,126.297,129.99,19,Austria,158.0
2022-04-01,126.297,129.99,19,Portugal,153.0
2022-04-01,126.297,129.99,19,Ireland,131.0
2022-04-01,126.297,129.99,19,The rest of Europe,2360.0
2022-04-01,126.297,129.99,19,Africa,889.0
2022-04-01,126.297,129.99,19,United States,5214.0
2022-04-01,126.297,129.99,19,Canada,711.0
2022-04-01,126.297,129.99,19,Mexico,217.0
2022-04-01,126.297,129.99,19,The rest of NA,180.0
2022-04-01,126.297,129.99,19,Brazil,434.0
2022-04-01,126.297,129.99,19,The rest of SA,373.0
2022-04-01,126.297,129.99,19,Australia,1119.0
2022-04-01,126.297,129.99,19,New Zealand,228.0
2022-04-01,126.297,129.99,19,The rest of Oceania,75.0
2022-04-01,126.297,129.99,19,Stateless,3.0
2022-05-01,128.797,128.22,22,South Korea,8805.0
2022-05-01,128.797,128.22,22,China,17643.0
2022-05-01,128.797,128.22,22,Taiwan,1861.0
2022-05-01,128.797,128.22,22,Hong Kong,744.0
2022-05-01,128.797,128.22,22,Thailand,2922.0
2022-05-01,128.797,128.22,22,Singapore,1215.0
2022-05-01,128.797,128.22,22,Malaysia,1636.0
2022-05-01,128.797,128.22,22,Indonesia,8720.0
2022-05-01,128.797,128.22,22,Philippines,6699.0
2022-05-01,128.797,128.22,22,Vietnam,39040.0
2022-05-01,128.797,128.22,22,India,4501.0
2022-05-01,128.797,128.22,22,Macau,32.0
2022-05-01,128.797,128.22,22,Mongolia,1042.0
2022-05-01,128.797,128.22,22,The rest of Asia,26373.0
2022-05-01,128.797,128.22,22,United Kingdom,1926.0
2022-05-01,128.797,128.22,22,France,2008.0
2022-05-01,128.797,128.22,22,Germany,2241.0
2022-05-01,128.797,128.22,22,Italy,897.0
2022-05-01,128.797,128.22,22,Russia,357.0
2022-05-01,128.797,128.22,22,Spain,517.0
2022-05-01,128.797,128.22,22,Sweden,332.0
2022-05-01,128.797,128.22,22,Netherlands,534.0
2022-05-01,128.797,128.22,22,Switzerland,314.0
2022-05-01,128.797,128.22,22,Belgium,235.0
2022-05-01,128.797,128.22,22,Finland,241.0
2022-05-01,128.797,128.22,22,Poland,190.0
2022-05-01,128.797,128.22,22,Denmark,263.0
2022-05-01,128.797,128.22,22,Norway,134.0
2022-05-01,128.797,128.22,22,Austria,234.0
2022-05-01,128.797,128.22,22,Portugal,98.0
2022-05-01,128.797,128.22,22,Ireland,204.0
2022-05-01,128.797,128.22,22,The rest of Europe,1577.0
2022-05-01,128.797,128.22,22,Africa,949.0
2022-05-01,128.797,128.22,22,United States,8066.0
2022-05-01,128.797,128.22,22,Canada,949.0
2022-05-01,128.797,128.22,22,Mexico,229.0
2022-05-01,128.797,128.22,22,The rest of NA,186.0
2022-05-01,128.797,128.22,22,Brazil,348.0
2022-05-01,128.797,128.22,22,The rest of SA,371.0
2022-05-01,128.797,128.22,22,Australia,1503.0
2022-05-01,128.797,128.22,22,New Zealand,220.0
2022-05-01,128.797,128.22,22,The rest of Oceania,57.0
2022-05-01,128.797,128.22,22,Stateless,3.0
2022-06-01,134.002,136.27,22,South Korea,11168.0
2022-06-01,134.002,136.27,22,China,14657.0
2022-06-01,134.002,136.27,22,Taiwan,2416.0
2022-06-01,134.002,136.27,22,Hong Kong,833.0
2022-06-01,134.002,136.27,22,Thailand,2544.0
2022-06-01,134.002,136.27,22,Singapore,1388.0
2022-06-01,134.002,136.27,22,Malaysia,1165.0
2022-06-01,134.002,136.27,22,Indonesia,7041.0
2022-06-01,134.002,136.27,22,Philippines,5935.0
2022-06-01,134.002,136.27,22,Vietnam,22877.0
2022-06-01,134.002,136.27,22,India,3454.0
2022-06-01,134.002,136.27,22,Macau,12.0
2022-06-01,134.002,136.27,22,Mongolia,1065.0
2022-06-01,134.002,136.27,22,The rest of Asia,16775.0
2022-06-01,134.002,136.27,22,United Kingdom,2044.0
2022-06-01,134.002,136.27,22,France,2351.0
2022-06-01,134.002,136.27,22,Germany,2089.0
2022-06-01,134.002,136.27,22,Italy,1009.0
2022-06-01,134.002,136.27,22,Russia,548.0
2022-06-01,134.002,136.27,22,Spain,539.0
2022-06-01,134.002,136.27,22,Sweden,444.0
2022-06-01,134.002,136.27,22,Netherlands,543.0
2022-06-01,134.002,136.27,22,Switzerland,350.0
2022-06-01,134.002,136.27,22,Belgium,301.0
2022-06-01,134.002,136.27,22,Finland,235.0
2022-06-01,134.002,136.27,22,Poland,263.0
2022-06-01,134.002,136.27,22,Denmark,289.0
2022-06-01,134.002,136.27,22,Norway,141.0
2022-06-01,134.002,136.27,22,Austria,219.0
2022-06-01,134.002,136.27,22,Portugal,139.0
2022-06-01,134.002,136.27,22,Ireland,216.0
2022-06-01,134.002,136.27,22,The rest of Europe,1690.0
2022-06-01,134.002,136.27,22,Africa,753.0
2022-06-01,134.002,136.27,22,United States,9724.0
2022-06-01,134.002,136.27,22,Canada,1179.0
2022-06-01,134.002,136.27,22,Mexico,268.0
2022-06-01,134.002,136.27,22,The rest of NA,122.0
2022-06-01,134.002,136.27,22,Brazil,424.0
2022-06-01,134.002,136.27,22,The rest of SA,439.0
2022-06-01,134.002,136.27,22,Australia,1639.0
2022-06-01,134.002,136.27,22,New Zealand,309.0
2022-06-01,134.002,136.27,22,The rest of Oceania,62.0
2022-06-01,134.002,136.27,22,Stateless,9.0
2022-07-01,136.735,133.77,21,South Korea,20384.0
2022-07-01,136.735,133.77,21,China,14803.0
2022-07-01,136.735,133.77,21,Taiwan,3945.0
2022-07-01,136.735,133.77,21,Hong Kong,1091.0
2022-07-01,136.735,133.77,21,Thailand,4794.0
2022-07-01,136.735,133.77,21,Singapore,1967.0
2022-07-01,136.735,133.77,21,Malaysia,1616.0
2022-07-01,136.735,133.77,21,Indonesia,7212.0
2022-07-01,136.735,133.77,21,Philippines,6888.0
2022-07-01,136.735,133.77,21,Vietnam,22738.0
2022-07-01,136.735,133.77,21,India,4178.0
2022-07-01,136.735,133.77,21,Macau,35.0
2022-07-01,136.735,133.77,21,Mongolia,1669.0
2022-07-01,136.735,133.77,21,The rest of Asia,11877.0
2022-07-01,136.735,133.77,21,United Kingdom,2889.0
2022-07-01,136.735,133.77,21,France,3561.0
2022-07-01,136.735,133.77,21,Germany,3520.0
2022-07-01,136.735,133.77,21,Italy,1384.0
2022-07-01,136.735,133.77,21,Russia,778.0
2022-07-01,136.735,133.77,21,Spain,816.0
2022-07-01,136.735,133.77,21,Sweden,368.0
2022-07-01,136.735,133.77,21,Netherlands,764.0
2022-07-01,136.735,133.77,21,Switzerland,653.0
2022-07-01,136.735,133.77,21,Belgium,406.0
2022-07-01,136.735,133.77,21,Finland,188.0
2022-07-01,136.735,133.77,21,Poland,328.0
2022-07-01,136.735,133.77,21,Denmark,258.0
2022-07-01,136.735,133.77,21,Norway,157.0
2022-07-01,136.735,133.77,21,Austria,379.0
2022-07-01,136.735,133.77,21,Portugal,193.0
2022-07-01,136.735,133.77,21,Ireland,272.0
2022-07-01,136.735,133.77,21,The rest of Europe,2263.0
2022-07-01,136.735,133.77,21,Africa,945.0
2022-07-01,136.735,133.77,21,United States,14127.0
2022-07-01,136.735,133.77,21,Canada,1622.0
2022-07-01,136.735,133.77,21,Mexico,371.0
2022-07-01,136.735,133.77,21,The rest of NA,217.0
2022-07-01,136.735,133.77,21,Brazil,527.0
2022-07-01,136.735,133.77,21,The rest of SA,476.0
2022-07-01,136.735,133.77,21,Australia,2330.0
2022-07-01,136.735,133.77,21,New Zealand,575.0
2022-07-01,136.735,133.77,21,The rest of Oceania,68.0
2022-07-01,136.735,133.77,21,Stateless,11.0
2022-08-01,135.14,138.72,23,South Korea,28515.0
2022-08-01,135.14,138.72,23,China,12332.0
2022-08-01,135.14,138.72,23,Taiwan,5007.0
2022-08-01,135.14,138.72,23,Hong Kong,1299.0
2022-08-01,135.14,138.72,23,Thailand,5115.0
2022-08-01,135.14,138.72,23,Singapore,1763.0
2022-08-01,135.14,138.72,23,Malaysia,2248.0
2022-08-01,135.14,138.72,23,Indonesia,6933.0
2022-08-01,135.14,138.72,23,Philippines,7824.0
2022-08-01,135.14,138.72,23,Vietnam,33052.0
2022-08-01,135.14,138.72,23,India,5502.0
2022-08-01,135.14,138.72,23,Macau,13.0
2022-08-01,135.14,138.72,23,Mongolia,2576.0
2022-08-01,135.14,138.72,23,The rest of Asia,11272.0
2022-08-01,135.14,138.72,23,United Kingdom,3924.0
2022-08-01,135.14,138.72,23,France,3512.0
2022-08-01,135.14,138.72,23,Germany,3458.0
2022-08-01,135.14,138.72,23,Italy,1582.0
2022-08-01,135.14,138.72,23,Russia,655.0
2022-08-01,135.14,138.72,23,Spain,1116.0
2022-08-01,135.14,138.72,23,Sweden,516.0
2022-08-01,135.14,138.72,23,Netherlands,630.0
2022-08-01,135.14,138.72,23,Switzerland,518.0
2022-08-01,135.14,138.72,23,Belgium,349.0
2022-08-01,135.14,138.72,23,Finland,296.0
2022-08-01,135.14,138.72,23,Poland,339.0
2022-08-01,135.14,138.72,23,Denmark,433.0
2022-08-01,135.14,138.72,23,Norway,230.0
2022-08-01,135.14,138.72,23,Austria,324.0
2022-08-01,135.14,138.72,23,Portugal,182.0
2022-08-01,135.14,138.72,23,Ireland,423.0
2022-08-01,135.14,138.72,23,The rest of Europe,2442.0
2022-08-01,135.14,138.72,23,Africa,1358.0
2022-08-01,135.14,138.72,23,United States,15823.0
2022-08-01,135.14,138.72,23,Canada,2009.0
2022-08-01,135.14,138.72,23,Mexico,514.0
2022-08-01,135.14,138.72,23,The rest of NA,299.0
2022-08-01,135.14,138.72,23,Brazil,602.0
2022-08-01,135.14,138.72,23,The rest of SA,596.0
2022-08-01,135.14,138.72,23,Australia,2697.0
2022-08-01,135.14,138.72,23,New Zealand,594.0
2022-08-01,135.14,138.72,23,The rest of Oceania,95.0
2022-08-01,135.14,138.72,23,Stateless,9.0
2022-09-01,142.955,144.66,22,South Korea,32764.0
2022-09-01,142.955,144.66,22,China,17590.0
2022-09-01,142.955,144.66,22,Taiwan,6756.0
2022-09-01,142.955,144.66,22,Hong Kong,2824.0
2022-09-01,142.955,144.66,22,Thailand,7622.0
2022-09-01,142.955,144.66,22,Singapore,2887.0
2022-09-01,142.955,144.66,22,Malaysia,2967.0
2022-09-01,142.955,144.66,22,Indonesia,9186.0
2022-09-01,142.955,144.66,22,Philippines,8479.0
2022-09-01,142.955,144.66,22,Vietnam,30871.0
2022-09-01,142.955,144.66,22,India,5223.0
2022-09-01,142.955,144.66,22,Macau,57.0
2022-09-01,142.955,144.66,22,Mongolia,2699.0
2022-09-01,142.955,144.66,22,The rest of Asia,12790.0
2022-09-01,142.955,144.66,22,United Kingdom,4494.0
2022-09-01,142.955,144.66,22,France,5310.0
2022-09-01,142.955,144.66,22,Germany,5300.0
2022-09-01,142.955,144.66,22,Italy,2647.0
2022-09-01,142.955,144.66,22,Russia,1207.0
2022-09-01,142.955,144.66,22,Spain,1952.0
2022-09-01,142.955,144.66,22,Sweden,761.0
2022-09-01,142.955,144.66,22,Netherlands,1186.0
2022-09-01,142.955,144.66,22,Switzerland,818.0
2022-09-01,142.955,144.66,22,Belgium,708.0
2022-09-01,142.955,144.66,22,Finland,544.0
2022-09-01,142.955,144.66,22,Poland,692.0
2022-09-01,142.955,144.66,22,Denmark,570.0
2022-09-01,142.955,144.66,22,Norway,484.0
2022-09-01,142.955,144.66,22,Austria,570.0
2022-09-01,142.955,144.66,22,Portugal,221.0
2022-09-01,142.955,144.66,22,Ireland,367.0
2022-09-01,142.955,144.66,22,The rest of Europe,3541.0
2022-09-01,142.955,144.66,22,Africa,1942.0
2022-09-01,142.955,144.66,22,United States,17965.0
2022-09-01,142.955,144.66,22,Canada,2396.0
2022-09-01,142.955,144.66,22,Mexico,771.0
2022-09-01,142.955,144.66,22,The rest of NA,391.0
2022-09-01,142.955,144.66,22,Brazil,864.0
2022-09-01,142.955,144.66,22,The rest of SA,715.0
2022-09-01,142.955,144.66,22,Australia,4689.0
2022-09-01,142.955,144.66,22,New Zealand,817.0
2022-09-01,142.955,144.66,22,The rest of Oceania,157.0
2022-09-01,142.955,144.66,22,Stateless,15.0
2022-10-01,147.295,148.68,21,South Korea,122959.0
2022-10-01,147.295,148.68,21,China,21498.0
2022-10-01,147.295,148.68,21,Taiwan,35028.0
2022-10-01,147.295,148.68,21,Hong Kong,36242.0
2022-10-01,147.295,148.68,21,Thailand,34115.0
2022-10-01,147.295,148.68,21,Singapore,14336.0
2022-10-01,147.295,148.68,21,Malaysia,8773.0
2022-10-01,147.295,148.68,21,Indonesia,11085.0
2022-10-01,147.295,148.68,21,Philippines,14775.0
2022-10-01,147.295,148.68,21,Vietnam,30811.0
2022-10-01,147.295,148.68,21,India,6006.0
2022-10-01,147.295,148.68,21,Macau,186.0
2022-10-01,147.295,148.68,21,Mongolia,2010.0
2022-10-01,147.295,148.68,21,The rest of Asia,13944.0
2022-10-01,147.295,148.68,21,United Kingdom,10309.0
2022-10-01,147.295,148.68,21,France,11074.0
2022-10-01,147.295,148.68,21,Germany,8943.0
2022-10-01,147.295,148.68,21,Italy,4505.0
2022-10-01,147.295,148.68,21,Russia,1580.0
2022-10-01,147.295,148.68,21,Spain,2819.0
2022-10-01,147.295,148.68,21,Sweden,1498.0
2022-10-01,147.295,148.68,21,Netherlands,2409.0
2022-10-01,147.295,148.68,21,Switzerland,1852.0
2022-10-01,147.295,148.68,21,Belgium,1375.0
2022-10-01,147.295,148.68,21,Finland,885.0
2022-10-01,147.295,148.68,21,Poland,1110.0
2022-10-01,147.295,148.68,21,Denmark,1175.0
2022-10-01,147.295,148.68,21,Norway,732.0
2022-10-01,147.295,148.68,21,Austria,1091.0
2022-10-01,147.295,148.68,21,Portugal,648.0
2022-10-01,147.295,148.68,21,Ireland,827.0
2022-10-01,147.295,148.68,21,The rest of Europe,5294.0
2022-10-01,147.295,148.68,21,Africa,2338.0
2022-10-01,147.295,148.68,21,United States,53242.0
2022-10-01,147.295,148.68,21,Canada,9847.0
2022-10-01,147.295,148.68,21,Mexico,1951.0
2022-10-01,147.295,148.68,21,The rest of NA,579.0
2022-10-01,147.295,148.68,21,Brazil,1489.0
2022-10-01,147.295,148.68,21,The rest of SA,1488.0
2022-10-01,147.295,148.68,21,Australia,11677.0
2022-10-01,147.295,148.68,21,New Zealand,1825.0
2022-10-01,147.295,148.68,21,The rest of Oceania,218.0
2022-10-01,147.295,148.68,21,Stateless,13.0
2022-11-01,142.333,139.05,22,South Korea,315421.0
2022-11-01,142.333,139.05,22,China,21016.0
2022-11-01,142.333,139.05,22,Taiwan,99533.0
2022-11-01,142.333,139.05,22,Hong Kong,82989.0
2022-11-01,142.333,139.05,22,Thailand,52077.0
2022-11-01,142.333,139.05,22,Singapore,40321.0
2022-11-01,142.333,139.05,22,Malaysia,17519.0
2022-11-01,142.333,139.05,22,Indonesia,16960.0
2022-11-01,142.333,139.05,22,Philippines,21689.0
2022-11-01,142.333,139.05,22,Vietnam,33584.0
2022-11-01,142.333,139.05,22,India,8357.0
2022-11-01,142.333,139.05,22,Macau,273.0
2022-11-01,142.333,139.05,22,Mongolia,2102.0
2022-11-01,142.333,139.05,22,The rest of Asia,19697.0
2022-11-01,142.333,139.05,22,United Kingdom,13607.0
2022-11-01,142.333,139.05,22,France,10810.0
2022-11-01,142.333,139.05,22,Germany,9673.0
2022-11-01,142.333,139.05,22,Italy,5237.0
2022-11-01,142.333,139.05,22,Russia,1975.0
2022-11-01,142.333,139.05,22,Spain,3622.0
2022-11-01,142.333,139.05,22,Sweden,1754.0
2022-11-01,142.333,139.05,22,Netherlands,2732.0
2022-11-01,142.333,139.05,22,Switzerland,1943.0
2022-11-01,142.333,139.05,22,Belgium,1333.0
2022-11-01,142.333,139.05,22,Finland,992.0
2022-11-01,142.333,139.05,22,Poland,1628.0
2022-11-01,142.333,139.05,22,Denmark,1150.0
2022-11-01,142.333,139.05,22,Norway,755.0
2022-11-01,142.333,139.05,22,Austria,1030.0
2022-11-01,142.333,139.05,22,Portugal,748.0
2022-11-01,142.333,139.05,22,Ireland,971.0
2022-11-01,142.333,139.05,22,The rest of Europe,5599.0
2022-11-01,142.333,139.05,22,Africa,1933.0
2022-11-01,142.333,139.05,22,United States,84289.0
2022-11-01,142.333,139.05,22,Canada,15868.0
2022-11-01,142.333,139.05,22,Mexico,2037.0
2022-11-01,142.333,139.05,22,The rest of NA,612.0
2022-11-01,142.333,139.05,22,Brazil,1484.0
2022-11-01,142.333,139.05,22,The rest of SA,1693.0
2022-11-01,142.333,139.05,22,Australia,20193.0
2022-11-01,142.333,139.05,22,New Zealand,2613.0
2022-11-01,142.333,139.05,22,The rest of Oceania,236.0
2022-11-01,142.333,139.05,22,Stateless,22.0
2022-12-01,134.887,131.88,21,South Korea,456165.0
2022-12-01,134.887,131.88,21,China,33567.0
2022-12-01,134.887,131.88,21,Taiwan,170159.0
2022-12-01,134.887,131.88,21,Hong Kong,141314.0
2022-12-01,134.887,131.88,21,Thailand,82997.0
2022-12-01,134.887,131.88,21,Singapore,67043.0
2022-12-01,134.887,131.88,21,Malaysia,36228.0
2022-12-01,134.887,131.88,21,Indonesia,34411.0
2022-12-01,134.887,131.88,21,Philippines,39953.0
2022-12-01,134.887,131.88,21,Vietnam,28197.0
2022-12-01,134.887,131.88,21,India,7447.0
2022-12-01,134.887,131.88,21,Macau,692.0
2022-12-01,134.887,131.88,21,Mongolia,2423.0
2022-12-01,134.887,131.88,21,The rest of Asia,16070.0
2022-12-01,134.887,131.88,21,United Kingdom,15297.0
2022-12-01,134.887,131.88,21,France,10770.0
2022-12-01,134.887,131.88,21,Germany,7745.0
2022-12-01,134.887,131.88,21,Italy,4930.0
2022-12-01,134.887,131.88,21,Russia,1583.0
2022-12-01,134.887,131.88,21,Spain,3485.0
2022-12-01,134.887,131.88,21,Sweden,1783.0
2022-12-01,134.887,131.88,21,Netherlands,2595.0
2022-12-01,134.887,131.88,21,Switzerland,1954.0
2022-12-01,134.887,131.88,21,Belgium,1540.0
2022-12-01,134.887,131.88,21,Finland,957.0
2022-12-01,134.887,131.88,21,Poland,929.0
2022-12-01,134.887,131.88,21,Denmark,955.0
2022-12-01,134.887,131.88,21,Norway,886.0
2022-12-01,134.887,131.88,21,Austria,891.0
2022-12-01,134.887,131.88,21,Portugal,696.0
2022-12-01,134.887,131.88,21,Ireland,894.0
2022-12-01,134.887,131.88,21,The rest of Europe,4426.0
2022-12-01,134.887,131.88,21,Africa,2121.0
2022-12-01,134.887,131.88,21,United States,109484.0
2022-12-01,134.887,131.88,21,Canada,20610.0
2022-12-01,134.887,131.88,21,Mexico,2497.0
2022-12-01,134.887,131.88,21,The rest of NA,626.0
2022-12-01,134.887,131.88,21,Brazil,2593.0
2022-12-01,134.887,131.88,21,The rest of SA,1679.0
2022-12-01,134.887,131.88,21,Australia,41835.0
2022-12-01,134.887,131.88,21,New Zealand,4754.0
2022-12-01,134.887,131.88,21,The rest of Oceania,146.0
2022-12-01,134.887,131.88,21,Stateless,23.0
2023-01-01,130.52,130.41,22,South Korea,565251.0
2023-01-01,130.52,130.41,22,China,31291.0
2023-01-01,130.52,130.41,22,Taiwan,259340.0
2023-01-01,130.52,130.41,22,Hong Kong,151939.0
2023-01-01,130.52,130.41,22,Thailand,63431.0
2023-01-01,130.52,130.41,22,Singapore,26658.0
2023-01-01,130.52,130.41,22,Malaysia,27099.0
2023-01-01,130.52,130.41,22,Indonesia,22618.0
2023-01-01,130.52,130.41,22,Philippines,29679.0
2023-01-01,130.52,130.41,22,Vietnam,51564.0
2023-01-01,130.52,130.41,22,India,9057.0
2023-01-01,130.52,130.41,22,Macau,1319.0
2023-01-01,130.52,130.41,22,Mongolia,2961.0
2023-01-01,130.52,130.41,22,The rest of Asia,17411.0
2023-01-01,130.52,130.41,22,United Kingdom,15096.0
2023-01-01,130.52,130.41,22,France,9771.0
2023-01-01,130.52,130.41,22,Germany,7380.0
2023-01-01,130.52,130.41,22,Italy,4305.0
2023-01-01,130.52,130.41,22,Spain,3075.0
2023-01-01,130.52,130.41,22,Russia,1628.0
2023-01-01,130.52,130.41,22,Netherlands,2359.0
2023-01-01,130.52,130.41,22,Switzerland,1757.0
2023-01-01,130.52,130.41,22,Belgium,1073.0
2023-01-01,130.52,130.41,22,Poland,1185.0
2023-01-01,130.52,130.41,22,Austria,1017.0
2023-01-01,130.52,130.41,22,Portugal,829.0
2023-01-01,130.52,130.41,22,Ireland,1031.0
2023-01-01,130.52,130.41,22,The rest of Europe,4533.0
2023-01-01,130.52,130.41,22,Africa,2185.0
2023-01-01,130.52,130.41,22,United States,88114.0
2023-01-01,130.52,130.41,22,Canada,18738.0
2023-01-01,130.52,130.41,22,Mexico,2271.0
2023-01-01,130.52,130.41,22,The rest of NA,791.0
2023-01-01,130.52,130.41,22,Brazil,2050.0
2023-01-01,130.52,130.41,22,The rest of SA,2216.0
2023-01-01,130.52,130.41,22,Australia,52553.0
2023-01-01,130.52,130.41,22,New Zealand,4787.0
2023-01-01,130.52,130.41,22,The rest of Oceania,289.0
2023-01-01,130.52,130.41,22,Stateless,27.0
2023-02-01,132.897,136.76,20,South Korea,568622.0
2023-02-01,132.897,136.76,20,China,36285.0
2023-02-01,132.897,136.76,20,Taiwan,248493.0
2023-02-01,132.897,136.76,20,Hong Kong,119405.0
2023-02-01,132.897,136.76,20,Thailand,73292.0
2023-02-01,132.897,136.76,20,Singapore,27078.0
2023-02-01,132.897,136.76,20,Malaysia,31992.0
2023-02-01,132.897,136.76,20,Indonesia,26802.0
2023-02-01,132.897,136.76,20,Philippines,33934.0
2023-02-01,132.897,136.76,20,Vietnam,55847.0
2023-02-01,132.897,136.76,20,India,7051.0
2023-02-01,132.897,136.76,20,Macau,1757.0
2023-02-01,132.897,136.76,20,Mongolia,2058.0
2023-02-01,132.897,136.76,20,The rest of Asia,14847.0
2023-02-01,132.897,136.76,20,United Kingdom,15579.0
2023-02-01,132.897,136.76,20,France,12251.0
2023-02-01,132.897,136.76,20,Germany,9302.0
2023-02-01,132.897,136.76,20,Italy,4627.0
2023-02-01,132.897,136.76,20,Spain,3322.0
2023-02-01,132.897,136.76,20,Russia,1378.0
2023-02-01,132.897,136.76,20,Netherlands,2510.0
2023-02-01,132.897,136.76,20,Switzerland,2211.0
2023-02-01,132.897,136.76,20,Belgium,1338.0
2023-02-01,132.897,136.76,20,Poland,1377.0
2023-02-01,132.897,136.76,20,Austria,1085.0
2023-02-01,132.897,136.76,20,Portugal,858.0
2023-02-01,132.897,136.76,20,Ireland,1086.0
2023-02-01,132.897,136.76,20,The rest of Europe,4676.0
2023-02-01,132.897,136.76,20,Africa,1997.0
2023-02-01,132.897,136.76,20,United States,86946.0
2023-02-01,132.897,136.76,20,Canada,19010.0
2023-02-01,132.897,136.76,20,Mexico,2339.0
2023-02-01,132.897,136.76,20,The rest of NA,804.0
2023-02-01,132.897,136.76,20,Brazil,1884.0
2023-02-01,132.897,136.76,20,The rest of SA,2516.0
2023-02-01,132.897,136.76,20,Australia,37680.0
2023-02-01,132.897,136.76,20,New Zealand,3891.0
2023-02-01,132.897,136.76,20,The rest of Oceania,202.0
2023-02-01,132.897,136.76,20,Stateless,22.0
2023-03-01,133.596,133.18,23,South Korea,466810.0
2023-03-01,133.596,133.18,23,China,75814.0
2023-03-01,133.596,133.18,23,Taiwan,278902.0
2023-03-01,133.596,133.18,23,Hong Kong,144881.0
2023-03-01,133.596,133.18,23,Thailand,107975.0
2023-03-01,133.596,133.18,23,Singapore,52671.0
2023-03-01,133.596,133.18,23,Malaysia,38904.0
2023-03-01,133.596,133.18,23,Indonesia,33173.0
2023-03-01,133.596,133.18,23,Philippines,46569.0
2023-03-01,133.596,133.18,23,Vietnam,53653.0
2023-03-01,133.596,133.18,23,India,14864.0
2023-03-01,133.596,133.18,23,Macau,2950.0
2023-03-01,133.596,133.18,23,Mongolia,3072.0
2023-03-01,133.596,133.18,23,The rest of Asia,20928.0
2023-03-01,133.596,133.18,23,United Kingdom,34803.0
2023-03-01,133.596,133.18,23,France,21223.0
2023-03-01,133.596,133.18,23,Germany,25898.0
2023-03-01,133.596,133.18,23,Italy,12737.0
2023-03-01,133.596,133.18,23,Spain,7557.0
2023-03-01,133.596,133.18,23,Russia,3414.0
2023-03-01,133.596,133.18,23,Netherlands,5983.0
2023-03-01,133.596,133.18,23,Switzerland,4895.0
2023-03-01,133.596,133.18,23,Belgium,2824.0
2023-03-01,133.596,133.18,23,Poland,3676.0
2023-03-01,133.596,133.18,23,Austria,2513.0
2023-03-01,133.596,133.18,23,Portugal,1999.0
2023-03-01,133.596,133.18,23,Ireland,2306.0
2023-03-01,133.596,133.18,23,The rest of Europe,12784.0
2023-03-01,133.596,133.18,23,Africa,2897.0
2023-03-01,133.596,133.18,23,United States,203041.0
2023-03-01,133.596,133.18,23,Canada,36370.0
2023-03-01,133.596,133.18,23,Mexico,5750.0
2023-03-01,133.596,133.18,23,The rest of NA,1499.0
2023-03-01,133.596,133.18,23,Brazil,4833.0
2023-03-01,133.596,133.18,23,The rest of SA,4862.0
2023-03-01,133.596,133.18,23,Australia,45189.0
2023-03-01,133.596,133.18,23,New Zealand,5211.0
2023-03-01,133.596,133.18,23,The rest of Oceania,267.0
2023-03-01,133.596,133.18,23,Stateless,53.0
2023-04-01,133.583,136.01,18,South Korea,466987.0
2023-04-01,133.583,136.01,18,China,108295.0
2023-04-01,133.583,136.01,18,Taiwan,291564.0
2023-04-01,133.583,136.01,18,Hong Kong,152819.0
2023-04-01,133.583,136.01,18,Thailand,121022.0
2023-04-01,133.583,136.01,18,Singapore,41982.0
2023-04-01,133.583,136.01,18,Malaysia,40244.0
2023-04-01,133.583,136.01,18,Indonesia,48667.0
2023-04-01,133.583,136.01,18,Philippines,62794.0
2023-04-01,133.583,136.01,18,Vietnam,55193.0
2023-04-01,133.583,136.01,18,India,16272.0
2023-04-01,133.583,136.01,18,Macau,3299.0
2023-04-01,133.583,136.01,18,Mongolia,3230.0
2023-04-01,133.583,136.01,18,The rest of Asia,29886.0
2023-04-01,133.583,136.01,18,United Kingdom,36527.0
2023-04-01,133.583,136.01,18,France,34421.0
2023-04-01,133.583,136.01,18,Germany,27362.0
2023-04-01,133.583,136.01,18,Italy,15619.0
2023-04-01,133.583,136.01,18,Spain,8302.0
2023-04-01,133.583,136.01,18,Russia,4421.0
2023-04-01,133.583,136.01,18,Netherlands,8250.0
2023-04-01,133.583,136.01,18,Switzerland,6887.0
2023-04-01,133.583,136.01,18,Belgium,3903.0
2023-04-01,133.583,136.01,18,Poland,4708.0
2023-04-01,133.583,136.01,18,Austria,2446.0
2023-04-01,133.583,136.01,18,Portugal,2485.0
2023-04-01,133.583,136.01,18,Ireland,2539.0
2023-04-01,133.583,136.01,18,The rest of Europe,14959.0
2023-04-01,133.583,136.01,18,Africa,2811.0
2023-04-01,133.583,136.01,18,United States,183893.0
2023-04-01,133.583,136.01,18,Canada,36847.0
2023-04-01,133.583,136.01,18,Mexico,9328.0
2023-04-01,133.583,136.01,18,The rest of NA,1542.0
2023-04-01,133.583,136.01,18,Brazil,4971.0
2023-04-01,133.583,136.01,18,The rest of SA,5190.0
2023-04-01,133.583,136.01,18,Australia,56123.0
2023-04-01,133.583,136.01,18,New Zealand,7738.0
2023-04-01,133.583,136.01,18,The rest of Oceania,301.0
2023-04-01,133.583,136.01,18,Stateless,24.0
2023-05-01,137.056,139.6,22,South Korea,515717.0
2023-05-01,137.056,139.6,22,China,134510.0
2023-05-01,137.056,139.6,22,Taiwan,303343.0
2023-05-01,137.056,139.6,22,Hong Kong,154393.0
2023-05-01,137.056,139.6,22,Thailand,80728.0
2023-05-01,137.056,139.6,22,Singapore,49746.0
2023-05-01,137.056,139.6,22,Malaysia,34004.0
2023-05-01,137.056,139.6,22,Indonesia,31120.0
2023-05-01,137.056,139.6,22,Philippines,49939.0
2023-05-01,137.056,139.6,22,Vietnam,45768.0
2023-05-01,137.056,139.6,22,India,17992.0
2023-05-01,137.056,139.6,22,Macau,4230.0
2023-05-01,137.056,139.6,22,Mongolia,2865.0
2023-05-01,137.056,139.6,22,The rest of Asia,26227.0
2023-05-01,137.056,139.6,22,United Kingdom,27739.0
2023-05-01,137.056,139.6,22,France,26754.0
2023-05-01,137.056,139.6,22,Germany,23118.0
2023-05-01,137.056,139.6,22,Italy,11828.0
2023-05-01,137.056,139.6,22,Spain,8581.0
2023-05-01,137.056,139.6,22,Russia,2960.0
2023-05-01,137.056,139.6,22,Netherlands,6927.0
2023-05-01,137.056,139.6,22,Switzerland,4790.0
2023-05-01,137.056,139.6,22,Belgium,3267.0
2023-05-01,137.056,139.6,22,Poland,3571.0
2023-05-01,137.056,139.6,22,Austria,2557.0
2023-05-01,137.056,139.6,22,Portugal,2279.0
2023-05-01,137.056,139.6,22,Ireland,2004.0
2023-05-01,137.056,139.6,22,The rest of Europe,11362.0
2023-05-01,137.056,139.6,22,Africa,3013.0
2023-05-01,137.056,139.6,22,United States,183408.0
2023-05-01,137.056,139.6,22,Canada,42285.0
2023-05-01,137.056,139.6,22,Mexico,8465.0
2023-05-01,137.056,139.6,22,The rest of NA,1538.0
2023-05-01,137.056,139.6,22,Brazil,3666.0
2023-05-01,137.056,139.6,22,The rest of SA,4090.0
2023-05-01,137.056,139.6,22,Australia,40816.0
2023-05-01,137.056,139.6,22,New Zealand,5920.0
2023-05-01,137.056,139.6,22,The rest of Oceania,277.0
2023-05-01,137.056,139.6,22,Stateless,26.0
2023-06-01,141.27,144.63,22,South Korea,545089.0
2023-06-01,141.27,144.63,22,China,208573.0
2023-06-01,141.27,144.63,22,Taiwan,388976.0
2023-06-01,141.27,144.63,22,Hong Kong,186324.0
2023-06-01,141.27,144.63,22,Thailand,51351.0
2023-06-01,141.27,144.63,22,Singapore,54568.0
2023-06-01,141.27,144.63,22,Malaysia,22009.0
2023-06-01,141.27,144.63,22,Indonesia,39276.0
2023-06-01,141.27,144.63,22,Philippines,54227.0
2023-06-01,141.27,144.63,22,Vietnam,38873.0
2023-06-01,141.27,144.63,22,India,14202.0
2023-06-01,141.27,144.63,22,Macau,6368.0
2023-06-01,141.27,144.63,22,Mongolia,3833.0
2023-06-01,141.27,144.63,22,The rest of Asia,17262.0
2023-06-01,141.27,144.63,22,United Kingdom,20417.0
2023-06-01,141.27,144.63,22,France,17714.0
2023-06-01,141.27,144.63,22,Germany,13655.0
2023-06-01,141.27,144.63,22,Italy,10248.0
2023-06-01,141.27,144.63,22,Spain,8693.0
2023-06-01,141.27,144.63,22,Russia,2381.0
2023-06-01,141.27,144.63,22,Netherlands,4436.0
2023-06-01,141.27,144.63,22,Switzerland,2999.0
2023-06-01,141.27,144.63,22,Belgium,1890.0
2023-06-01,141.27,144.63,22,Poland,3195.0
2023-06-01,141.27,144.63,22,Austria,1456.0
2023-06-01,141.27,144.63,22,Portugal,2009.0
2023-06-01,141.27,144.63,22,Ireland,1877.0
2023-06-01,141.27,144.63,22,The rest of Europe,8810.0
2023-06-01,141.27,144.63,22,Africa,2732.0
2023-06-01,141.27,144.63,22,United States,226806.0
2023-06-01,141.27,144.63,22,Canada,30016.0
2023-06-01,141.27,144.63,22,Mexico,6753.0
2023-06-01,141.27,144.63,22,The rest of NA,1232.0
2023-06-01,141.27,144.63,22,Brazil,2784.0
2023-06-01,141.27,144.63,22,The rest of SA,3044.0
2023-06-01,141.27,144.63,22,Australia,42424.0
2023-06-01,141.27,144.63,22,New Zealand,5932.0
2023-06-01,141.27,144.63,22,The rest of Oceania,454.0
2023-06-01,141.27,144.63,22,Stateless,29.0
2023-07-01,141.036,142.18,21,South Korea,626830.0
2023-07-01,141.036,142.18,21,China,313328.0
2023-07-01,141.036,142.18,21,Taiwan,422356.0
2023-07-01,141.036,142.18,21,Hong Kong,216413.0
2023-07-01,141.036,142.18,21,Thailand,49613.0
2023-07-01,141.036,142.18,21,Singapore,25320.0
2023-07-01,141.036,142.18,21,Malaysia,17357.0
2023-07-01,141.036,142.18,21,Indonesia,28489.0
2023-07-01,141.036,142.18,21,Philippines,51711.0
2023-07-01,141.036,142.18,21,Vietnam,44773.0
2023-07-01,141.036,142.18,21,India,13150.0
2023-07-01,141.036,142.18,21,Macau,10086.0
2023-07-01,141.036,142.18,21,Mongolia,3280.0
2023-07-01,141.036,142.18,21,The rest of Asia,20902.0
2023-07-01,141.036,142.18,21,United Kingdom,26965.0
2023-07-01,141.036,142.18,21,France,31132.0
2023-07-01,141.036,142.18,21,Germany,19081.0
2023-07-01,141.036,142.18,21,Italy,13969.0
2023-07-01,141.036,142.18,21,Spain,12985.0
2023-07-01,141.036,142.18,21,Russia,3239.0
2023-07-01,141.036,142.18,21,Netherlands,10474.0
2023-07-01,141.036,142.18,21,Switzerland,7016.0
2023-07-01,141.036,142.18,21,Belgium,4856.0
2023-07-01,141.036,142.18,21,Poland,3178.0
2023-07-01,141.036,142.18,21,Austria,3114.0
2023-07-01,141.036,142.18,21,Portugal,2608.0
2023-07-01,141.036,142.18,21,Ireland,2068.0
2023-07-01,141.036,142.18,21,The rest of Europe,11070.0
2023-07-01,141.036,142.18,21,Africa,3548.0
2023-07-01,141.036,142.18,21,United States,198845.0
2023-07-01,141.036,142.18,21,Canada,38786.0
2023-07-01,141.036,142.18,21,Mexico,9986.0
2023-07-01,141.036,142.18,21,The rest of NA,1433.0
2023-07-01,141.036,142.18,21,Brazil,4578.0
2023-07-01,141.036,142.18,21,The rest of SA,3977.0
2023-07-01,141.036,142.18,21,Australia,35650.0
2023-07-01,141.036,142.18,21,New Zealand,5612.0
2023-07-01,141.036,142.18,21,The rest of Oceania,426.0
2023-07-01,141.036,142.18,21,Stateless,42.0
2023-08-01,144.809,145.83,23,South Korea,569092.0
2023-08-01,144.809,145.83,23,China,364228.0
2023-08-01,144.809,145.83,23,Taiwan,396346.0
2023-08-01,144.809,145.83,23,Hong Kong,206267.0
2023-08-01,144.809,145.83,23,Thailand,33166.0
2023-08-01,144.809,145.83,23,Singapore,20276.0
2023-08-01,144.809,145.83,23,Malaysia,19206.0
2023-08-01,144.809,145.83,23,Indonesia,20792.0
2023-08-01,144.809,145.83,23,Philippines,38627.0
2023-08-01,144.809,145.83,23,Vietnam,50945.0
2023-08-01,144.809,145.83,23,India,12826.0
2023-08-01,144.809,145.83,23,Macau,13546.0
2023-08-01,144.809,145.83,23,Mongolia,3344.0
2023-08-01,144.809,145.83,23,The rest of Asia,19095.0
2023-08-01,144.809,145.83,23,United Kingdom,23837.0
2023-08-01,144.809,145.83,23,France,25866.0
2023-08-01,144.809,145.83,23,Germany,19999.0
2023-08-01,144.809,145.83,23,Italy,24113.0
2023-08-01,144.809,145.83,23,Spain,17283.0
2023-08-01,144.809,145.83,23,Russia,3355.0
2023-08-01,144.809,145.83,23,Netherlands,6185.0
2023-08-01,144.809,145.83,23,Switzerland,3588.0
2023-08-01,144.809,145.83,23,Belgium,2407.0
2023-08-01,144.809,145.83,23,Poland,3606.0
2023-08-01,144.809,145.83,23,Austria,2589.0
2023-08-01,144.809,145.83,23,Portugal,3019.0
2023-08-01,144.809,145.83,23,Ireland,1621.0
2023-08-01,144.809,145.83,23,The rest of Europe,10264.0
2023-08-01,144.809,145.83,23,Africa,3252.0
2023-08-01,144.809,145.83,23,United States,138362.0
2023-08-01,144.809,145.83,23,Canada,36859.0
2023-08-01,144.809,145.83,23,Mexico,8238.0
2023-08-01,144.809,145.83,23,The rest of NA,1430.0
2023-08-01,144.809,145.83,23,Brazil,2967.0
2023-08-01,144.809,145.83,23,The rest of SA,3260.0
2023-08-01,144.809,145.83,23,Australia,27565.0
2023-08-01,144.809,145.83,23,New Zealand,4244.0
2023-08-01,144.809,145.83,23,The rest of Oceania,350.0
2023-08-01,144.809,145.83,23,Stateless,32.0
2023-09-01,147.702,149.24,21,South Korea,570369.0
2023-09-01,147.702,149.24,21,China,325645.0
2023-09-01,147.702,149.24,21,Taiwan,385259.0
2023-09-01,147.702,149.24,21,Hong Kong,151137.0
2023-09-01,147.702,149.24,21,Thailand,50492.0
2023-09-01,147.702,149.24,21,Singapore,38105.0
2023-09-01,147.702,149.24,21,Malaysia,27543.0
2023-09-01,147.702,149.24,21,Indonesia,32354.0
2023-09-01,147.702,149.24,21,Philippines,42763.0
2023-09-01,147.702,149.24,21,Vietnam,43004.0
2023-09-01,147.702,149.24,21,India,14102.0
2023-09-01,147.702,149.24,21,Macau,5553.0
2023-09-01,147.702,149.24,21,Mongolia,3718.0
2023-09-01,147.702,149.24,21,The rest of Asia,22116.0
2023-09-01,147.702,149.24,21,United Kingdom,29702.0
2023-09-01,147.702,149.24,21,France,22034.0
2023-09-01,147.702,149.24,21,Germany,26283.0
2023-09-01,147.702,149.24,21,Italy,14605.0
2023-09-01,147.702,149.24,21,Spain,13192.0
2023-09-01,147.702,149.24,21,Russia,4294.0
2023-09-01,147.702,149.24,21,Netherlands,8077.0
2023-09-01,147.702,149.24,21,Switzerland,5205.0
2023-09-01,147.702,149.24,21,Belgium,3669.0
2023-09-01,147.702,149.24,21,Poland,4994.0
2023-09-01,147.702,149.24,21,Austria,3004.0
2023-09-01,147.702,149.24,21,Portugal,2819.0
2023-09-01,147.702,149.24,21,Ireland,2287.0
2023-09-01,147.702,149.24,21,The rest of Europe,12647.0
2023-09-01,147.702,149.24,21,Africa,4655.0
2023-09-01,147.702,149.24,21,United States,156637.0
2023-09-01,147.702,149.24,21,Canada,39822.0
2023-09-01,147.702,149.24,21,Mexico,10131.0
2023-09-01,147.702,149.24,21,The rest of NA,1726.0
2023-09-01,147.702,149.24,21,Brazil,4275.0
2023-09-01,147.702,149.24,21,The rest of SA,5381.0
2023-09-01,147.702,149.24,21,Australia,64005.0
2023-09-01,147.702,149.24,21,New Zealand,8909.0
2023-09-01,147.702,149.24,21,The rest of Oceania,492.0
2023-09-01,147.702,149.24,21,Stateless,40.0
2023-10-01,149.621,150.96,22,South Korea,631124.0
2023-10-01,149.621,150.96,22,China,256371.0
2023-10-01,149.621,150.96,22,Taiwan,424857.0
2023-10-01,149.621,150.96,22,Hong Kong,179316.0
2023-10-01,149.621,150.96,22,Thailand,124558.0
2023-10-01,149.621,150.96,22,Singapore,55116.0
2023-10-01,149.621,150.96,22,Malaysia,45162.0
2023-10-01,149.621,150.96,22,Indonesia,40260.0
2023-10-01,149.621,150.96,22,Philippines,69225.0
2023-10-01,149.621,150.96,22,Vietnam,50456.0
2023-10-01,149.621,150.96,22,India,16810.0
2023-10-01,149.621,150.96,22,Macau,5876.0
2023-10-01,149.621,150.96,22,Mongolia,4016.0
2023-10-01,149.621,150.96,22,The rest of Asia,28876.0
2023-10-01,149.621,150.96,22,United Kingdom,37431.0
2023-10-01,149.621,150.96,22,France,34356.0
2023-10-01,149.621,150.96,22,Germany,30893.0
2023-10-01,149.621,150.96,22,Italy,16315.0
2023-10-01,149.621,150.96,22,Spain,15515.0
2023-10-01,149.621,150.96,22,Russia,5726.0
2023-10-01,149.621,150.96,22,Netherlands,8854.0
2023-10-01,149.621,150.96,22,Switzerland,7176.0
2023-10-01,149.621,150.96,22,Belgium,4581.0
2023-10-01,149.621,150.96,22,Poland,5252.0
2023-10-01,149.621,150.96,22,Austria,3321.0
2023-10-01,149.621,150.96,22,Portugal,3544.0
2023-10-01,149.621,150.96,22,Ireland,2678.0
2023-10-01,149.621,150.96,22,The rest of Europe,16567.0
2023-10-01,149.621,150.96,22,Africa,4383.0
2023-10-01,149.621,150.96,22,United States,211867.0
2023-10-01,149.621,150.96,22,Canada,51741.0
2023-10-01,149.621,150.96,22,Mexico,12483.0
2023-10-01,149.621,150.96,22,The rest of NA,2218.0
2023-10-01,149.621,150.96,22,Brazil,7265.0
2023-10-01,149.621,150.96,22,The rest of SA,6625.0
2023-10-01,149.621,150.96,22,Australia,62015.0
2023-10-01,149.621,150.96,22,New Zealand,8664.0
2023-10-01,149.621,150.96,22,The rest of Oceania,413.0
2023-10-01,149.621,150.96,22,Stateless,55.0
2023-11-01,149.754,147.46,22,South Korea,649877.0
2023-11-01,149.754,147.46,22,China,258343.0
2023-11-01,149.754,147.46,22,Taiwan,403498.0
2023-11-01,149.754,147.46,22,Hong Kong,200428.0
2023-11-01,149.754,147.46,22,Thailand,114108.0
2023-11-01,149.754,147.46,22,Singapore,86052.0
2023-11-01,149.754,147.46,22,Malaysia,51386.0
2023-11-01,149.754,147.46,22,Indonesia,42135.0
2023-11-01,149.754,147.46,22,Philippines,63718.0
2023-11-01,149.754,147.46,22,Vietnam,46793.0
2023-11-01,149.754,147.46,22,India,16553.0
2023-11-01,149.754,147.46,22,Macau,7164.0
2023-11-01,149.754,147.46,22,Mongolia,3667.0
2023-11-01,149.754,147.46,22,The rest of Asia,24839.0
2023-11-01,149.754,147.46,22,United Kingdom,29509.0
2023-11-01,149.754,147.46,22,France,24182.0
2023-11-01,149.754,147.46,22,Germany,18629.0
2023-11-01,149.754,147.46,22,Italy,13379.0
2023-11-01,149.754,147.46,22,Spain,11007.0
2023-11-01,149.754,147.46,22,Russia,5914.0
2023-11-01,149.754,147.46,22,Netherlands,5943.0
2023-11-01,149.754,147.46,22,Switzerland,3925.0
2023-11-01,149.754,147.46,22,Belgium,2940.0
2023-11-01,149.754,147.46,22,Poland,4240.0
2023-11-01,149.754,147.46,22,Austria,2004.0
2023-11-01,149.754,147.46,22,Portugal,2884.0
2023-11-01,149.754,147.46,22,Ireland,2069.0
2023-11-01,149.754,147.46,22,The rest of Europe,12725.0
2023-11-01,149.754,147.46,22,Africa,3585.0
2023-11-01,149.754,147.46,22,United States,184769.0
2023-11-01,149.754,147.46,22,Canada,38959.0
2023-11-01,149.754,147.46,22,Mexico,9859.0
2023-11-01,149.754,147.46,22,The rest of NA,1665.0
2023-11-01,149.754,147.46,22,Brazil,4970.0
2023-11-01,149.754,147.46,22,The rest of SA,4282.0
2023-11-01,149.754,147.46,22,Australia,59571.0
2023-11-01,149.754,147.46,22,New Zealand,7515.0
2023-11-01,149.754,147.46,22,The rest of Oceania,361.0
2023-11-01,149.754,147.46,22,Stateless,68.0
2023-12-01,144.208,141.48,19,South Korea,782726.0
2023-12-01,144.208,141.48,19,China,312474.0
2023-12-01,144.208,141.48,19,Taiwan,399500.0
2023-12-01,144.208,141.48,19,Hong Kong,251080.0
2023-12-01,144.208,141.48,19,Thailand,125822.0
2023-12-01,144.208,141.48,19,Singapore,113695.0
2023-12-01,144.208,141.48,19,Malaysia,60806.0
2023-12-01,144.208,141.48,19,Indonesia,63696.0
2023-12-01,144.208,141.48,19,Philippines,79107.0
2023-12-01,144.208,141.48,19,Vietnam,37047.0
2023-12-01,144.208,141.48,19,India,13515.0
2023-12-01,144.208,141.48,19,Macau,12104.0
2023-12-01,144.208,141.48,19,Mongolia,3872.0
2023-12-01,144.208,141.48,19,The rest of Asia,23783.0
2023-12-01,144.208,141.48,19,United Kingdom,23877.0
2023-12-01,144.208,141.48,19,France,17732.0
2023-12-01,144.208,141.48,19,Germany,11810.0
2023-12-01,144.208,141.48,19,Italy,10560.0
2023-12-01,144.208,141.48,19,Spain,6361.0
2023-12-01,144.208,141.48,19,Russia,3255.0
2023-12-01,144.208,141.48,19,Netherlands,4488.0
2023-12-01,144.208,141.48,19,Switzerland,2946.0
2023-12-01,144.208,141.48,19,Belgium,1604.0
2023-12-01,144.208,141.48,19,Poland,1652.0
2023-12-01,144.208,141.48,19,Austria,1254.0
2023-12-01,144.208,141.48,19,Portugal,2479.0
2023-12-01,144.208,141.48,19,Ireland,1419.0
2023-12-01,144.208,141.48,19,The rest of Europe,7570.0
2023-12-01,144.208,141.48,19,Africa,3208.0
2023-12-01,144.208,141.48,19,United States,183166.0
2023-12-01,144.208,141.48,19,Canada,36441.0
2023-12-01,144.208,141.48,19,Mexico,9081.0
2023-12-01,144.208,141.48,19,The rest of NA,1388.0
2023-12-01,144.208,141.48,19,Brazil,6327.0
2023-12-01,144.208,141.48,19,The rest of SA,3337.0
2023-12-01,144.208,141.48,19,Australia,89471.0
2023-12-01,144.208,141.48,19,New Zealand,10555.0
2023-12-01,144.208,141.48,19,The rest of Oceania,379.0
2023-12-01,144.208,141.48,19,Stateless,53.0
2024-01-01,146.229,147.82,22,South Korea,857039.0
2024-01-01,146.229,147.82,22,China,416088.0
2024-01-01,146.229,147.82,22,Taiwan,492288.0
2024-01-01,146.229,147.82,22,Hong Kong,186300.0
2024-01-01,146.229,147.82,22,Thailand,90585.0
2024-01-01,146.229,147.82,22,Singapore,34140.0
2024-01-01,146.229,147.82,22,Malaysia,32079.0
2024-01-01,146.229,147.82,22,Indonesia,41287.0
2024-01-01,146.229,147.82,22,Philippines,56776.0
2024-01-01,146.229,147.82,22,Vietnam,44602.0
2024-01-01,146.229,147.82,22,India,12608.0
2024-01-01,146.229,147.82,22,Macau,5918.0
2024-01-01,146.229,147.82,22,Mongolia,4624.0
2024-01-01,146.229,147.82,22,The rest of Asia,22235.0
2024-01-01,146.229,147.82,22,United Kingdom,19809.0
2024-01-01,146.229,147.82,22,France,14444.0
2024-01-01,146.229,147.82,22,Germany,10402.0
2024-01-01,146.229,147.82,22,Italy,6879.0
2024-01-01,146.229,147.82,22,Spain,4769.0
2024-01-01,146.229,147.82,22,Russia,3242.0
2024-01-01,146.229,147.82,22,Netherlands,3491.0
2024-01-01,146.229,147.82,22,Switzerland,2661.0
2024-01-01,146.229,147.82,22,Belgium,1494.0
2024-01-01,146.229,147.82,22,Poland,2026.0
2024-01-01,146.229,147.82,22,Austria,1321.0
2024-01-01,146.229,147.82,22,Portugal,1454.0
2024-01-01,146.229,147.82,22,Ireland,1573.0
2024-01-01,146.229,147.82,22,The rest of Europe,6420.0
2024-01-01,146.229,147.82,22,Africa,3007.0
2024-01-01,146.229,147.82,22,United States,131855.0
2024-01-01,146.229,147.82,22,Canada,31672.0
2024-01-01,146.229,147.82,22,Mexico,6805.0
2024-01-01,146.229,147.82,22,The rest of NA,1396.0
2024-01-01,146.229,147.82,22,Brazil,5229.0
2024-01-01,146.229,147.82,22,The rest of SA,3962.0
2024-01-01,146.229,147.82,22,Australia,103604.0
2024-01-01,146.229,147.82,22,New Zealand,10656.0
2024-01-01,146.229,147.82,22,The rest of Oceania,379.0
2024-01-01,146.229,147.82,22,Stateless,34.0
2024-02-01,149.496,150.13,21,South Korea,818562.0
2024-02-01,149.496,150.13,21,China,459463.0
2024-02-01,149.496,150.13,21,Taiwan,502237.0
2024-02-01,149.496,150.13,21,Hong Kong,205884.0
2024-02-01,149.496,150.13,21,Thailand,101443.0
2024-02-01,149.496,150.13,21,Singapore,36915.0
2024-02-01,149.496,150.13,21,Malaysia,60178.0
2024-02-01,149.496,150.13,21,Indonesia,38246.0
2024-02-01,149.496,150.13,21,Philippines,65217.0
2024-02-01,149.496,150.13,21,Vietnam,60181.0
2024-02-01,149.496,150.13,21,India,9965.0
2024-02-01,149.496,150.13,21,Macau,8469.0
2024-02-01,149.496,150.13,21,Mongolia,3165.0
2024-02-01,149.496,150.13,21,The rest of Asia,18133.0
2024-02-01,149.496,150.13,21,United Kingdom,25877.0
2024-02-01,149.496,150.13,21,France,22268.0
2024-02-01,149.496,150.13,21,Germany,14862.0
2024-02-01,149.496,150.13,21,Italy,7555.0
2024-02-01,149.496,150.13,21,Spain,6323.0
2024-02-01,149.496,150.13,21,Russia,2907.0
2024-02-01,149.496,150.13,21,Netherlands,4783.0
2024-02-01,149.496,150.13,21,Switzerland,3598.0
2024-02-01,149.496,150.13,21,Belgium,2355.0
2024-02-01,149.496,150.13,21,Poland,2305.0
2024-02-01,149.496,150.13,21,Austria,1773.0
2024-02-01,149.496,150.13,21,Portugal,2074.0
2024-02-01,149.496,150.13,21,Ireland,2299.0
2024-02-01,149.496,150.13,21,The rest of Europe,7369.0
2024-02-01,149.496,150.13,21,Africa,2912.0
2024-02-01,149.496,150.13,21,United States,148719.0
2024-02-01,149.496,150.13,21,Canada,33895.0
2024-02-01,149.496,150.13,21,Mexico,7684.0
2024-02-01,149.496,150.13,21,The rest of NA,1390.0
2024-02-01,149.496,150.13,21,Brazil,4795.0
2024-02-01,149.496,150.13,21,The rest of SA,5447.0
2024-02-01,149.496,150.13,21,Australia,66501.0
2024-02-01,149.496,150.13,21,New Zealand,6988.0
2024-02-01,149.496,150.13,21,The rest of Oceania,309.0
2024-02-01,149.496,150.13,21,Stateless,35.0
2024-03-01,149.719,151.19,20,South Korea,663102.0
2024-03-01,149.719,151.19,20,China,452525.0
2024-03-01,149.719,151.19,20,Taiwan,484454.0
2024-03-01,149.719,151.19,20,Hong Kong,231373.0
2024-03-01,149.719,151.19,20,Thailand,131749.0
2024-03-01,149.719,151.19,20,Singapore,61047.0
2024-03-01,149.719,151.19,20,Malaysia,41953.0
2024-03-01,149.719,151.19,20,Indonesia,37448.0
2024-03-01,149.719,151.19,20,Philippines,78821.0
2024-03-01,149.719,151.19,20,Vietnam,67475.0
2024-03-01,149.719,151.19,20,India,27206.0
2024-03-01,149.719,151.19,20,Macau,8079.0
2024-03-01,149.719,151.19,20,Mongolia,5193.0
2024-03-01,149.719,151.19,20,The rest of Asia,29438.0
2024-03-01,149.719,151.19,20,United Kingdom,56450.0
2024-03-01,149.719,151.19,20,France,34685.0
2024-03-01,149.719,151.19,20,Germany,47553.0
2024-03-01,149.719,151.19,20,Italy,24394.0
2024-03-01,149.719,151.19,20,Spain,16797.0
2024-03-01,149.719,151.19,20,Russia,10579.0
2024-03-01,149.719,151.19,20,Netherlands,9124.0
2024-03-01,149.719,151.19,20,Switzerland,9257.0
2024-03-01,149.719,151.19,20,Belgium,4415.0
2024-03-01,149.719,151.19,20,Poland,5599.0
2024-03-01,149.719,151.19,20,Austria,4278.0
2024-03-01,149.719,151.19,20,Portugal,4181.0
2024-03-01,149.719,151.19,20,Ireland,4024.0
2024-03-01,149.719,151.19,20,The rest of Europe,22708.0
2024-03-01,149.719,151.19,20,Africa,3772.0
2024-03-01,149.719,151.19,20,United States,290075.0
2024-03-01,149.719,151.19,20,Canada,57779.0
2024-03-01,149.719,151.19,20,Mexico,15472.0
2024-03-01,149.719,151.19,20,The rest of NA,2402.0
2024-03-01,149.719,151.19,20,Brazil,8550.0
2024-03-01,149.719,151.19,20,The rest of SA,7561.0
2024-03-01,149.719,151.19,20,Australia,82781.0
2024-03-01,149.719,151.19,20,New Zealand,8963.0
2024-03-01,149.719,151.19,20,The rest of Oceania,505.0
2024-03-01,149.719,151.19,20,Stateless,63.0
2024-04-01,153.843,157.0,21,South Korea,661259.0
2024-04-01,153.843,157.0,21,China,533611.0
2024-04-01,153.843,157.0,21,Taiwan,459723.0
2024-04-01,153.843,157.0,21,Hong Kong,184460.0
2024-04-01,153.843,157.0,21,Thailand,142521.0
2024-04-01,153.843,157.0,21,Singapore,46324.0
2024-04-01,153.843,157.0,21,Malaysia,45983.0
2024-04-01,153.843,157.0,21,Indonesia,62515.0
2024-04-01,153.843,157.0,21,Philippines,68499.0
2024-04-01,153.843,157.0,21,Vietnam,61607.0
2024-04-01,153.843,157.0,21,India,23162.0
2024-04-01,153.843,157.0,21,Macau,6580.0
2024-04-01,153.843,157.0,21,Mongolia,4522.0
2024-04-01,153.843,157.0,21,The rest of Asia,48853.0
2024-04-01,153.843,157.0,21,United Kingdom,48407.0
2024-04-01,153.843,157.0,21,France,51619.0
2024-04-01,153.843,157.0,21,Germany,36029.0
2024-04-01,153.843,157.0,21,Italy,24855.0
2024-04-01,153.843,157.0,21,Spain,11722.0
2024-04-01,153.843,157.0,21,Russia,10748.0
2024-04-01,153.843,157.0,21,Netherlands,11751.0
2024-04-01,153.843,157.0,21,Switzerland,8516.0
2024-04-01,153.843,157.0,21,Belgium,5189.0
2024-04-01,153.843,157.0,21,Poland,8773.0
2024-04-01,153.843,157.0,21,Austria,3717.0
2024-04-01,153.843,157.0,21,Portugal,3782.0
2024-04-01,153.843,157.0,21,Ireland,3022.0
2024-04-01,153.843,157.0,21,The rest of Europe,21832.0
2024-04-01,153.843,157.0,21,Africa,4369.0
2024-04-01,153.843,157.0,21,United States,228900.0
2024-04-01,153.843,157.0,21,Canada,52118.0
2024-04-01,153.843,157.0,21,Mexico,11786.0
2024-04-01,153.843,157.0,21,The rest of NA,2125.0
2024-04-01,153.843,157.0,21,Brazil,8639.0
2024-04-01,153.843,157.0,21,The rest of SA,7162.0
2024-04-01,153.843,157.0,21,Australia,80812.0
2024-04-01,153.843,157.0,21,New Zealand,10989.0
2024-04-01,153.843,157.0,21,The rest of Oceania,362.0
2024-04-01,153.843,157.0,21,Stateless,48.0
2024-05-01,155.873,157.13,22,South Korea,738872.0
2024-05-01,155.873,157.13,22,China,545552.0
2024-05-01,155.873,157.13,22,Taiwan,466008.0
2024-05-01,155.873,157.13,22,Hong Kong,217486.0
2024-05-01,155.873,157.13,22,Thailand,97408.0
2024-05-01,155.873,157.13,22,Singapore,62676.0
2024-05-01,155.873,157.13,22,Malaysia,39562.0
2024-05-01,155.873,157.13,22,Indonesia,41274.0
2024-05-01,155.873,157.13,22,Philippines,67443.0
2024-05-01,155.873,157.13,22,Vietnam,50575.0
2024-05-01,155.873,157.13,22,India,29068.0
2024-05-01,155.873,157.13,22,Macau,7258.0
2024-05-01,155.873,157.13,22,Mongolia,3614.0
2024-05-01,155.873,157.13,22,The rest of Asia,33944.0
2024-05-01,155.873,157.13,22,United Kingdom,39120.0
2024-05-01,155.873,157.13,22,France,38159.0
2024-05-01,155.873,157.13,22,Germany,32196.0
2024-05-01,155.873,157.13,22,Italy,17443.0
2024-05-01,155.873,157.13,22,Spain,13417.0
2024-05-01,155.873,157.13,22,Russia,8004.0
2024-05-01,155.873,157.13,22,Netherlands,10193.0
2024-05-01,155.873,157.13,22,Switzerland,6248.0
2024-05-01,155.873,157.13,22,Belgium,4195.0
2024-05-01,155.873,157.13,22,Poland,6727.0
2024-05-01,155.873,157.13,22,Austria,3736.0
2024-05-01,155.873,157.13,22,Portugal,3770.0
2024-05-01,155.873,157.13,22,Ireland,2951.0
2024-05-01,155.873,157.13,22,The rest of Europe,17647.0
2024-05-01,155.873,157.13,22,Africa,4341.0
2024-05-01,155.873,157.13,22,United States,246972.0
2024-05-01,155.873,157.13,22,Canada,55811.0
2024-05-01,155.873,157.13,22,Mexico,11514.0
2024-05-01,155.873,157.13,22,The rest of NA,1835.0
2024-05-01,155.873,157.13,22,Brazil,7291.0
2024-05-01,155.873,157.13,22,The rest of SA,6335.0
2024-05-01,155.873,157.13,22,Australia,66476.0
2024-05-01,155.873,157.13,22,New Zealand,8865.0
2024-05-01,155.873,157.13,22,The rest of Oceania,348.0
2024-05-01,155.873,157.13,22,Stateless,45.0
2024-06-01,157.842,160.62,20,South Korea,703277.0
2024-06-01,157.842,160.62,20,China,665617.0
2024-06-01,157.842,160.62,20,Taiwan,574487.0
2024-06-01,157.842,160.62,20,Hong Kong,250604.0
2024-06-01,157.842,160.62,20,Thailand,54604.0
2024-06-01,157.842,160.62,20,Singapore,58925.0
2024-06-01,157.842,160.62,20,Malaysia,22042.0
2024-06-01,157.842,160.62,20,Indonesia,43052.0
2024-06-01,157.842,160.62,20,Philippines,65011.0
2024-06-01,157.842,160.62,20,Vietnam,47458.0
2024-06-01,157.842,160.62,20,India,19884.0
2024-06-01,157.842,160.62,20,Macau,9271.0
2024-06-01,157.842,160.62,20,Mongolia,3925.0
2024-06-01,157.842,160.62,20,The rest of Asia,21171.0
2024-06-01,157.842,160.62,20,United Kingdom,28828.0
2024-06-01,157.842,160.62,20,France,23150.0
2024-06-01,157.842,160.62,20,Germany,16603.0
2024-06-01,157.842,160.62,20,Italy,14990.0
2024-06-01,157.842,160.62,20,Spain,12907.0
2024-06-01,157.842,160.62,20,Russia,5616.0
2024-06-01,157.842,160.62,20,Netherlands,5454.0
2024-06-01,157.842,160.62,20,Switzerland,4147.0
2024-06-01,157.842,160.62,20,Belgium,2484.0
2024-06-01,157.842,160.62,20,Poland,4579.0
2024-06-01,157.842,160.62,20,Austria,1899.0
2024-06-01,157.842,160.62,20,Portugal,3088.0
2024-06-01,157.842,160.62,20,Ireland,2679.0
2024-06-01,157.842,160.62,20,The rest of Europe,11788.0
2024-06-01,157.842,160.62,20,Africa,4309.0
2024-06-01,157.842,160.62,20,United States,296414.0
2024-06-01,157.842,160.62,20,Canada,40989.0
2024-06-01,157.842,160.62,20,Mexico,10757.0
2024-06-01,157.842,160.62,20,The rest of NA,1606.0
2024-06-01,157.842,160.62,20,Brazil,5448.0
2024-06-01,157.842,160.62,20,The rest of SA,4597.0
2024-06-01,157.842,160.62,20,Australia,61817.0
2024-06-01,157.842,160.62,20,New Zealand,8032.0
2024-06-01,157.842,160.62,20,The rest of Oceania,606.0
2024-06-01,157.842,160.62,20,Stateless,65.0
2024-07-01,157.853,150.31,23,South Korea,757679.0
2024-07-01,157.853,150.31,23,China,776520.0
2024-07-01,157.853,150.31,23,Taiwan,571698.0
2024-07-01,157.853,150.31,23,Hong Kong,279069.0
2024-07-01,157.853,150.31,23,Thailand,53494.0
2024-07-01,157.853,150.31,23,Singapore,28115.0
2024-07-01,157.853,150.31,23,Malaysia,19260.0
2024-07-01,157.853,150.31,23,Indonesia,29571.0
2024-07-01,157.853,150.31,23,Philippines,55466.0
2024-07-01,157.853,150.31,23,Vietnam,49733.0
2024-07-01,157.853,150.31,23,India,14941.0
2024-07-01,157.853,150.31,23,Macau,17658.0
2024-07-01,157.853,150.31,23,Mongolia,4162.0
2024-07-01,157.853,150.31,23,The rest of Asia,26718.0
2024-07-01,157.853,150.31,23,United Kingdom,32910.0
2024-07-01,157.853,150.31,23,France,37353.0
2024-07-01,157.853,150.31,23,Germany,22685.0
2024-07-01,157.853,150.31,23,Italy,18370.0
2024-07-01,157.853,150.31,23,Spain,18687.0
2024-07-01,157.853,150.31,23,Russia,5675.0
2024-07-01,157.853,150.31,23,Netherlands,13785.0
2024-07-01,157.853,150.31,23,Switzerland,8055.0
2024-07-01,157.853,150.31,23,Belgium,5765.0
2024-07-01,157.853,150.31,23,Poland,4806.0
2024-07-01,157.853,150.31,23,Austria,3993.0
2024-07-01,157.853,150.31,23,Portugal,3638.0
2024-07-01,157.853,150.31,23,Ireland,2509.0
2024-07-01,157.853,150.31,23,The rest of Europe,13151.0
2024-07-01,157.853,150.31,23,Africa,3784.0
2024-07-01,157.853,150.31,23,United States,251218.0
2024-07-01,157.853,150.31,23,Canada,48158.0
2024-07-01,157.853,150.31,23,Mexico,16011.0
2024-07-01,157.853,150.31,23,The rest of NA,1650.0
2024-07-01,157.853,150.31,23,Brazil,6902.0
2024-07-01,157.853,150.31,23,The rest of SA,4326.0
2024-07-01,157.853,150.31,23,Australia,48616.0
2024-07-01,157.853,150.31,23,New Zealand,7100.0
2024-07-01,157.853,150.31,23,The rest of Oceania,653.0
2024-07-01,157.853,150.31,23,Stateless,21.0
2024-08-01,146.262,145.39,22,South Korea,612172.0
2024-08-01,146.262,145.39,22,China,746010.0
2024-08-01,146.262,145.39,22,Taiwan,564360.0
2024-08-01,146.262,145.39,22,Hong Kong,246557.0
2024-08-01,146.262,145.39,22,Thailand,34667.0
2024-08-01,146.262,145.39,22,Singapore,24781.0
2024-08-01,146.262,145.39,22,Malaysia,17174.0
2024-08-01,146.262,145.39,22,Indonesia,22127.0
2024-08-01,146.262,145.39,22,Philippines,38971.0
2024-08-01,146.262,145.39,22,Vietnam,52430.0
2024-08-01,146.262,145.39,22,India,16113.0
2024-08-01,146.262,145.39,22,Macau,19377.0
2024-08-01,146.262,145.39,22,Mongolia,5293.0
2024-08-01,146.262,145.39,22,The rest of Asia,24003.0
2024-08-01,146.262,145.39,22,United Kingdom,29410.0
2024-08-01,146.262,145.39,22,France,31421.0
2024-08-01,146.262,145.39,22,Germany,24129.0
2024-08-01,146.262,145.39,22,Italy,34654.0
2024-08-01,146.262,145.39,22,Spain,25906.0
2024-08-01,146.262,145.39,22,Russia,6874.0
2024-08-01,146.262,145.39,22,Netherlands,8051.0
2024-08-01,146.262,145.39,22,Switzerland,4321.0
2024-08-01,146.262,145.39,22,Belgium,3244.0
2024-08-01,146.262,145.39,22,Poland,5111.0
2024-08-01,146.262,145.39,22,Austria,3126.0
2024-08-01,146.262,145.39,22,Portugal,4251.0
2024-08-01,146.262,145.39,22,Ireland,2099.0
2024-08-01,146.262,145.39,22,The rest of Europe,13473.0
2024-08-01,146.262,145.39,22,Africa,4293.0
2024-08-01,146.262,145.39,22,United States,174051.0
2024-08-01,146.262,145.39,22,Canada,46913.0
2024-08-01,146.262,145.39,22,Mexico,12082.0
2024-08-01,146.262,145.39,22,The rest of NA,1615.0
2024-08-01,146.262,145.39,22,Brazil,4524.0
2024-08-01,146.262,145.39,22,The rest of SA,3796.0
2024-08-01,146.262,145.39,22,Australia,40999.0
2024-08-01,146.262,145.39,22,New Zealand,6277.0
2024-08-01,146.262,145.39,22,The rest of Oceania,384.0
2024-08-01,146.262,145.39,22,Stateless,36.0
2024-09-01,143.24,142.75,21,South Korea,656753.0
2024-09-01,143.24,142.75,21,China,652405.0
2024-09-01,143.24,142.75,21,Taiwan,470635.0
2024-09-01,143.24,142.75,21,Hong Kong,170216.0
2024-09-01,143.24,142.75,21,Thailand,45522.0
2024-09-01,143.24,142.75,21,Singapore,37433.0
2024-09-01,143.24,142.75,21,Malaysia,39905.0
2024-09-01,143.24,142.75,21,Indonesia,35081.0
2024-09-01,143.24,142.75,21,Philippines,46618.0
2024-09-01,143.24,142.75,21,Vietnam,45857.0
2024-09-01,143.24,142.75,21,India,17865.0
2024-09-01,143.24,142.75,21,Macau,6496.0
2024-09-01,143.24,142.75,21,Mongolia,4601.0
2024-09-01,143.24,142.75,21,The rest of Asia,28304.0
2024-09-01,143.24,142.75,21,United Kingdom,37413.0
2024-09-01,143.24,142.75,21,France,30745.0
2024-09-01,143.24,142.75,21,Germany,37092.0
2024-09-01,143.24,142.75,21,Italy,19592.0
2024-09-01,143.24,142.75,21,Spain,19052.0
2024-09-01,143.24,142.75,21,Russia,10187.0
2024-09-01,143.24,142.75,21,Netherlands,10498.0
2024-09-01,143.24,142.75,21,Switzerland,7204.0
2024-09-01,143.24,142.75,21,Belgium,5108.0
2024-09-01,143.24,142.75,21,Poland,7981.0
2024-09-01,143.24,142.75,21,Austria,4079.0
2024-09-01,143.24,142.75,21,Portugal,3599.0
2024-09-01,143.24,142.75,21,Ireland,3020.0
2024-09-01,143.24,142.75,21,The rest of Europe,16636.0
2024-09-01,143.24,142.75,21,Africa,5105.0
2024-09-01,143.24,142.75,21,United States,191942.0
2024-09-01,143.24,142.75,21,Canada,49981.0
2024-09-01,143.24,142.75,21,Mexico,14972.0
2024-09-01,143.24,142.75,21,The rest of NA,2094.0
2024-09-01,143.24,142.75,21,Brazil,7039.0
2024-09-01,143.24,142.75,21,The rest of SA,6865.0
2024-09-01,143.24,142.75,21,Australia,85667.0
2024-09-01,143.24,142.75,21,New Zealand,11381.0
2024-09-01,143.24,142.75,21,The rest of Oceania,616.0
2024-09-01,143.24,142.75,21,Stateless,42.0
2024-10-01,149.684,152.82,23,South Korea,732167.0
2024-10-01,149.684,152.82,23,China,582919.0
2024-10-01,149.684,152.82,23,Taiwan,478902.0
2024-10-01,149.684,152.82,23,Hong Kong,198827.0
2024-10-01,149.684,152.82,23,Thailand,132188.0
2024-10-01,149.684,152.82,23,Singapore,68790.0
2024-10-01,149.684,152.82,23,Malaysia,55091.0
2024-10-01,149.684,152.82,23,Indonesia,43215.0
2024-10-01,149.684,152.82,23,Philippines,80244.0
2024-10-01,149.684,152.82,23,Vietnam,50982.0
2024-10-01,149.684,152.82,23,India,21706.0
2024-10-01,149.684,152.82,23,Macau,7685.0
2024-10-01,149.684,152.82,23,Mongolia,4533.0
2024-10-01,149.684,152.82,23,The rest of Asia,38228.0
2024-10-01,149.684,152.82,23,United Kingdom,51637.0
2024-10-01,149.684,152.82,23,France,49389.0
2024-10-01,149.684,152.82,23,Germany,43351.0
2024-10-01,149.684,152.82,23,Italy,25063.0
2024-10-01,149.684,152.82,23,Spain,23391.0
2024-10-01,149.684,152.82,23,Russia,15701.0
2024-10-01,149.684,152.82,23,Netherlands,12415.0
2024-10-01,149.684,152.82,23,Switzerland,9603.0
2024-10-01,149.684,152.82,23,Belgium,6763.0
2024-10-01,149.684,152.82,23,Poland,7931.0
2024-10-01,149.684,152.82,23,Austria,4257.0
2024-10-01,149.684,152.82,23,Portugal,4776.0
2024-10-01,149.684,152.82,23,Ireland,3812.0
2024-10-01,149.684,152.82,23,The rest of Europe,22914.0
2024-10-01,149.684,152.82,23,Africa,5398.0
2024-10-01,149.684,152.82,23,United States,278461.0
2024-10-01,149.684,152.82,23,Canada,66524.0
2024-10-01,149.684,152.82,23,Mexico,19199.0
2024-10-01,149.684,152.82,23,The rest of NA,2913.0
2024-10-01,149.684,152.82,23,Brazil,10292.0
2024-10-01,149.684,152.82,23,The rest of SA,9582.0
2024-10-01,149.684,152.82,23,Australia,90157.0
2024-10-01,149.684,152.82,23,New Zealand,13044.0
2024-10-01,149.684,152.82,23,The rest of Oceania,530.0
2024-10-01,149.684,152.82,23,Stateless,55.0
2024-11-01,153.565,150.2,21,South Korea,749506.0
2024-11-01,153.565,150.2,21,China,546339.0
2024-11-01,153.565,150.2,21,Taiwan,488362.0
2024-11-01,153.565,150.2,21,Hong Kong,227062.0
2024-11-01,153.565,150.2,21,Thailand,118001.0
2024-11-01,153.565,150.2,21,Singapore,95830.0
2024-11-01,153.565,150.2,21,Malaysia,62027.0
2024-11-01,153.565,150.2,21,Indonesia,48841.0
2024-11-01,153.565,150.2,21,Philippines,87078.0
2024-11-01,153.565,150.2,21,Vietnam,50213.0
2024-11-01,153.565,150.2,21,India,23542.0
2024-11-01,153.565,150.2,21,Macau,10223.0
2024-11-01,153.565,150.2,21,Mongolia,4222.0
2024-11-01,153.565,150.2,21,The rest of Asia,28079.0
2024-11-01,153.565,150.2,21,United Kingdom,37050.0
2024-11-01,153.565,150.2,21,France,31126.0
2024-11-01,153.565,150.2,21,Germany,25187.0
2024-11-01,153.565,150.2,21,Italy,20849.0
2024-11-01,153.565,150.2,21,Spain,18810.0
2024-11-01,153.565,150.2,21,Russia,13852.0
2024-11-01,153.565,150.2,21,Netherlands,7915.0
2024-11-01,153.565,150.2,21,Switzerland,4826.0
2024-11-01,153.565,150.2,21,Belgium,3929.0
2024-11-01,153.565,150.2,21,Poland,5693.0
2024-11-01,153.565,150.2,21,Austria,2774.0
2024-11-01,153.565,150.2,21,Portugal,4123.0
2024-11-01,153.565,150.2,21,Ireland,2820.0
2024-11-01,153.565,150.2,21,The rest of Europe,17572.0
2024-11-01,153.565,150.2,21,Africa,4964.0
2024-11-01,153.565,150.2,21,United States,247464.0
2024-11-01,153.565,150.2,21,Canada,47346.0
2024-11-01,153.565,150.2,21,Mexico,13532.0
2024-11-01,153.565,150.2,21,The rest of NA,2123.0
2024-11-01,153.565,150.2,21,Brazil,7669.0
2024-11-01,153.565,150.2,21,The rest of SA,5956.0
2024-11-01,153.565,150.2,21,Australia,80266.0
2024-11-01,153.565,150.2,21,New Zealand,9963.0
2024-11-01,153.565,150.2,21,The rest of Oceania,547.0
2024-11-01,153.565,150.2,21,Stateless,64.0
2024-12-01,153.738,156.95,20,South Korea,867377.0
2024-12-01,153.738,156.95,20,China,604293.0
2024-12-01,153.738,156.95,20,Taiwan,491162.0
2024-12-01,153.738,156.95,20,Hong Kong,285553.0
2024-12-01,153.738,156.95,20,Thailand,146666.0
2024-12-01,153.738,156.95,20,Singapore,136250.0
2024-12-01,153.738,156.95,20,Malaysia,71629.0
2024-12-01,153.738,156.95,20,Indonesia,74994.0
2024-12-01,153.738,156.95,20,Philippines,108515.0
2024-12-01,153.738,156.95,20,Vietnam,40060.0
2024-12-01,153.738,156.95,20,India,17001.0
2024-12-01,153.738,156.95,20,Macau,16765.0
2024-12-01,153.738,156.95,20,Mongolia,5195.0
2024-12-01,153.738,156.95,20,The rest of Asia,26347.0
2024-12-01,153.738,156.95,20,United Kingdom,30319.0
2024-12-01,153.738,156.95,20,France,20712.0
2024-12-01,153.738,156.95,20,Germany,15781.0
2024-12-01,153.738,156.95,20,Italy,15141.0
2024-12-01,153.738,156.95,20,Spain,10503.0
2024-12-01,153.738,156.95,20,Russia,5879.0
2024-12-01,153.738,156.95,20,Netherlands,5521.0
2024-12-01,153.738,156.95,20,Switzerland,3757.0
2024-12-01,153.738,156.95,20,Belgium,2122.0
2024-12-01,153.738,156.95,20,Poland,2297.0
2024-12-01,153.738,156.95,20,Austria,1867.0
2024-12-01,153.738,156.95,20,Portugal,3564.0
2024-12-01,153.738,156.95,20,Ireland,2187.0
2024-12-01,153.738,156.95,20,The rest of Europe,10334.0
2024-12-01,153.738,156.95,20,Africa,4876.0
2024-12-01,153.738,156.95,20,United States,238523.0
2024-12-01,153.738,156.95,20,Canada,48259.0
2024-12-01,153.738,156.95,20,Mexico,12021.0
2024-12-01,153.738,156.95,20,The rest of NA,1745.0
2024-12-01,153.738,156.95,20,Brazil,9231.0
2024-12-01,153.738,156.95,20,The rest of SA,4427.0
2024-12-01,153.738,156.95,20,Australia,112500.0
2024-12-01,153.738,156.95,20,New Zealand,12754.0
2024-12-01,153.738,156.95,20,The rest of Oceania,514.0
2024-12-01,153.738,156.95,20,Stateless,43.0
2025-01-01,156.395,154.9,22,South Korea,967100.0
2025-01-01,156.395,154.9,22,China,980520.0
2025-01-01,156.395,154.9,22,Taiwan,593431.0
2025-01-01,156.395,154.9,22,Hong Kong,243687.0
2025-01-01,156.395,154.9,22,Thailand,96811.0
2025-01-01,156.395,154.9,22,Singapore,45707.0
2025-01-01,156.395,154.9,22,Malaysia,75003.0
2025-01-01,156.395,154.9,22,Indonesia,63230.0
2025-01-01,156.395,154.9,22,Philippines,72185.0
2025-01-01,156.395,154.9,22,Vietnam,50415.0
2025-01-01,156.395,154.9,22,India,16189.0
2025-01-01,156.395,154.9,22,Macau,9548.0
2025-01-01,156.395,154.9,22,Mongolia,6352.0
2025-01-01,156.395,154.9,22,The rest of Asia,29098.0
2025-01-01,156.395,154.9,22,United Kingdom,26378.0
2025-01-01,156.395,154.9,22,France,16515.0
2025-01-01,156.395,154.9,22,Germany,12737.0
2025-01-01,156.395,154.9,22,Italy,8792.0
2025-01-01,156.395,154.9,22,Spain,7401.0
2025-01-01,156.395,154.9,22,Russia,4931.0
2025-01-01,156.395,154.9,22,Netherlands,4466.0
2025-01-01,156.395,154.9,22,Switzerland,3328.0
2025-01-01,156.395,154.9,22,Belgium,2012.0
2025-01-01,156.395,154.9,22,Poland,2380.0
2025-01-01,156.395,154.9,22,Austria,1632.0
2025-01-01,156.395,154.9,22,Portugal,2387.0
2025-01-01,156.395,154.9,22,Ireland,2162.0
2025-01-01,156.395,154.9,22,The rest of Europe,8567.0
2025-01-01,156.395,154.9,22,Africa,3824.0
2025-01-01,156.395,154.9,22,United States,182556.0
2025-01-01,156.395,154.9,22,Canada,42301.0
2025-01-01,156.395,154.9,22,Mexico,9332.0
2025-01-01,156.395,154.9,22,The rest of NA,1716.0
2025-01-01,156.395,154.9,22,Brazil,7877.0
2025-01-01,156.395,154.9,22,The rest of SA,6002.0
2025-01-01,156.395,154.9,22,Australia,140185.0
2025-01-01,156.395,154.9,22,New Zealand,13255.0
2025-01-01,156.395,154.9,22,The rest of Oceania,526.0
2025-01-01,156.395,154.9,22,Stateless,34.0
2025-02-01,151.831,150.76,20,South Korea,847358.0
2025-02-01,151.831,150.76,20,China,722924.0
2025-02-01,151.831,150.76,20,Taiwan,507346.0
2025-02-01,151.831,150.76,20,Hong Kong,195543.0
2025-02-01,151.831,150.76,20,Thailand,116797.0
2025-02-01,151.831,150.76,20,Singapore,42270.0
2025-02-01,151.831,150.76,20,Malaysia,64859.0
2025-02-01,151.831,150.76,20,Indonesia,47026.0
2025-02-01,151.831,150.76,20,Philippines,66698.0
2025-02-01,151.831,150.76,20,Vietnam,73813.0
2025-02-01,151.831,150.76,20,India,12955.0
2025-02-01,151.831,150.76,20,Macau,8425.0
2025-02-01,151.831,150.76,20,Mongolia,3518.0
2025-02-01,151.831,150.76,20,The rest of Asia,23135.0
2025-02-01,151.831,150.76,20,United Kingdom,31408.0
2025-02-01,151.831,150.76,20,France,26518.0
2025-02-01,151.831,150.76,20,Germany,18643.0
2025-02-01,151.831,150.76,20,Italy,11057.0
2025-02-01,151.831,150.76,20,Spain,9827.0
2025-02-01,151.831,150.76,20,Russia,5668.0
2025-02-01,151.831,150.76,20,Netherlands,5886.0
2025-02-01,151.831,150.76,20,Switzerland,4113.0
2025-02-01,151.831,150.76,20,Belgium,2738.0
2025-02-01,151.831,150.76,20,Poland,3752.0
2025-02-01,151.831,150.76,20,Austria,2481.0
2025-02-01,151.831,150.76,20,Portugal,2591.0
2025-02-01,151.831,150.76,20,Ireland,2921.0
2025-02-01,151.831,150.76,20,The rest of Europe,11060.0
2025-02-01,151.831,150.76,20,Africa,3349.0
2025-02-01,151.831,150.76,20,United States,191494.0
2025-02-01,151.831,150.76,20,Canada,44497.0
2025-02-01,151.831,150.76,20,Mexico,10784.0
2025-02-01,151.831,150.76,20,The rest of NA,1991.0
2025-02-01,151.831,150.76,20,Brazil,6481.0
2025-02-01,151.831,150.76,20,The rest of SA,7641.0
2025-02-01,151.831,150.76,20,Australia,88767.0
2025-02-01,151.831,150.76,20,New Zealand,8837.0
2025-02-01,151.831,150.76,20,The rest of Oceania,453.0
2025-02-01,151.831,150.76,20,Stateless,45.0
2025-03-01,149.137,149.42,21,South Korea,691725.0
2025-03-01,149.137,149.42,21,China,661817.0
2025-03-01,149.137,149.42,21,Taiwan,522886.0
2025-03-01,149.137,149.42,21,Hong Kong,208369.0
2025-03-01,149.137,149.42,21,Thailand,148226.0
2025-03-01,149.137,149.42,21,Singapore,65297.0
2025-03-01,149.137,149.42,21,Malaysia,53109.0
2025-03-01,149.137,149.42,21,Indonesia,60599.0
2025-03-01,149.137,149.42,21,Philippines,72333.0
2025-03-01,149.137,149.42,21,Vietnam,64123.0
2025-03-01,149.137,149.42,21,India,32967.0
2025-03-01,149.137,149.42,21,Macau,8475.0
2025-03-01,149.137,149.42,21,Mongolia,5861.0
2025-03-01,149.137,149.42,21,The rest of Asia,32743.0
2025-03-01,149.137,149.42,21,United Kingdom,58140.0
2025-03-01,149.137,149.42,21,France,36478.0
2025-03-01,149.137,149.42,21,Germany,48064.0
2025-03-01,149.137,149.42,21,Italy,25494.0
2025-03-01,149.137,149.42,21,Spain,17826.0
2025-03-01,149.137,149.42,21,Russia,18823.0
2025-03-01,149.137,149.42,21,Netherlands,12010.0
2025-03-01,149.137,149.42,21,Switzerland,7651.0
2025-03-01,149.137,149.42,21,Belgium,4702.0
2025-03-01,149.137,149.42,21,Poland,9130.0
2025-03-01,149.137,149.42,21,Austria,4508.0
2025-03-01,149.137,149.42,21,Portugal,4842.0
2025-03-01,149.137,149.42,21,Ireland,4439.0
2025-03-01,149.137,149.42,21,The rest of Europe,27595.0
2025-03-01,149.137,149.42,21,Africa,4881.0
2025-03-01,149.137,149.42,21,United States,342752.0
2025-03-01,149.137,149.42,21,Canada,68083.0
2025-03-01,149.137,149.42,21,Mexico,14612.0
2025-03-01,149.137,149.42,21,The rest of NA,2509.0
2025-03-01,149.137,149.42,21,Brazil,10833.0
2025-03-01,149.137,149.42,21,The rest of SA,9587.0
2025-03-01,149.137,149.42,21,Australia,84761.0
2025-03-01,149.137,149.42,21,New Zealand,10139.0
2025-03-01,149.137,149.42,21,The rest of Oceania,637.0
2025-03-01,149.137,149.42,21,Stateless,57.0
2025-04-01,144.212,143.04,20,South Korea,721672.0
2025-04-01,144.212,143.04,20,China,765189.0
2025-04-01,144.212,143.04,20,Taiwan,537638.0
2025-04-01,144.212,143.04,20,Hong Kong,263649.0
2025-04-01,144.212,143.04,20,Thailand,158470.0
2025-04-01,144.212,143.04,20,Singapore,59996.0
2025-04-01,144.212,143.04,20,Malaysia,51159.0
2025-04-01,144.212,143.04,20,Indonesia,61380.0
2025-04-01,144.212,143.04,20,Philippines,90973.0
2025-04-01,144.212,143.04,20,Vietnam,64089.0
2025-04-01,144.212,143.04,20,India,37352.0
2025-04-01,144.212,143.04,20,Macau,7633.0
2025-04-01,144.212,143.04,20,Mongolia,6167.0
2025-04-01,144.212,143.04,20,The rest of Asia,64238.0
2025-04-01,144.212,143.04,20,United Kingdom,69496.0
2025-04-01,144.212,143.04,20,France,57066.0
2025-04-01,144.212,143.04,20,Germany,57188.0
2025-04-01,144.212,143.04,20,Italy,45592.0
2025-04-01,144.212,143.04,20,Spain,24248.0
2025-04-01,144.212,143.04,20,Russia,23170.0
2025-04-01,144.212,143.04,20,Netherlands,16959.0
2025-04-01,144.212,143.04,20,Switzerland,13005.0
2025-04-01,144.212,143.04,20,Belgium,8484.0
2025-04-01,144.212,143.04,20,Poland,11827.0
2025-04-01,144.212,143.04,20,Austria,5811.0
2025-04-01,144.212,143.04,20,Portugal,7540.0
2025-04-01,144.212,143.04,20,Ireland,5158.0
2025-04-01,144.212,143.04,20,The rest of Europe,36312.0
2025-04-01,144.212,143.04,20,Africa,6852.0
2025-04-01,144.212,143.04,20,United States,327542.0
2025-04-01,144.212,143.04,20,Canada,72587.0
2025-04-01,144.212,143.04,20,Mexico,21793.0
2025-04-01,144.212,143.04,20,The rest of NA,3782.0
2025-04-01,144.212,143.04,20,Brazil,10569.0
2025-04-01,144.212,143.04,20,The rest of SA,11957.0
2025-04-01,144.212,143.04,20,Australia,115235.0
2025-04-01,144.212,143.04,20,New Zealand,15485.0
2025-04-01,144.212,143.04,20,The rest of Oceania,669.0
2025-04-01,144.212,143.04,20,Stateless,73.0
2025-05-01,144.666,143.72,21,South Korea,825883.0
2025-05-01,144.666,143.72,21,China,790089.0
2025-05-01,144.666,143.72,21,Taiwan,538428.0
2025-05-01,144.666,143.72,21,Hong Kong,193044.0
2025-05-01,144.666,143.72,21,Thailand,108106.0
2025-05-01,144.666,143.72,21,Singapore,63257.0
2025-05-01,144.666,143.72,21,Malaysia,51725.0
2025-05-01,144.666,143.72,21,Indonesia,52280.0
2025-05-01,144.666,143.72,21,Philippines,82723.0
2025-05-01,144.666,143.72,21,Vietnam,59263.0
2025-05-01,144.666,143.72,21,India,43040.0
2025-05-01,144.666,143.72,21,Macau,7749.0
2025-05-01,144.666,143.72,21,Mongolia,4459.0
2025-05-01,144.666,143.72,21,The rest of Asia,35436.0
2025-05-01,144.666,143.72,21,United Kingdom,52095.0
2025-05-01,144.666,143.72,21,France,46049.0
2025-05-01,144.666,143.72,21,Germany,42268.0
2025-05-01,144.666,143.72,21,Italy,24956.0
2025-05-01,144.666,143.72,21,Spain,20799.0
2025-05-01,144.666,143.72,21,Russia,19152.0
2025-05-01,144.666,143.72,21,Netherlands,13803.0
2025-05-01,144.666,143.72,21,Switzerland,7970.0
2025-05-01,144.666,143.72,21,Belgium,6848.0
2025-05-01,144.666,143.72,21,Poland,9986.0
2025-05-01,144.666,143.72,21,Austria,5291.0
2025-05-01,144.666,143.72,21,Portugal,5475.0
2025-05-01,144.666,143.72,21,Ireland,4404.0
2025-05-01,144.666,143.72,21,The rest of Europe,27425.0
2025-05-01,144.666,143.72,21,Africa,5799.0
2025-05-01,144.666,143.72,21,United States,311933.0
2025-05-01,144.666,143.72,21,Canada,66346.0
2025-05-01,144.666,143.72,21,Mexico,15080.0
2025-05-01,144.666,143.72,21,The rest of NA,2535.0
2025-05-01,144.666,143.72,21,Brazil,9250.0
2025-05-01,144.666,143.72,21,The rest of SA,10280.0
2025-05-01,144.666,143.72,21,Australia,78874.0
2025-05-01,144.666,143.72,21,New Zealand,12093.0
2025-05-01,144.666,143.72,21,The rest of Oceania,533.0
2025-05-01,144.666,143.72,21,Stateless,70.0
2025-06-01,144.598,144.34,21,South Korea,729860.0
2025-06-01,144.598,144.34,21,China,798001.0
2025-06-01,144.598,144.34,21,Taiwan,585070.0
2025-06-01,144.598,144.34,21,Hong Kong,166764.0
2025-06-01,144.598,144.34,21,Thailand,52059.0
2025-06-01,144.598,144.34,21,Singapore,68629.0
2025-06-01,144.598,144.34,21,Malaysia,28106.0
2025-06-01,144.598,144.34,21,Indonesia,51462.0
2025-06-01,144.598,144.34,21,Philippines,63203.0
2025-06-01,144.598,144.34,21,Vietnam,52935.0
2025-06-01,144.598,144.34,21,India,28623.0
2025-06-01,144.598,144.34,21,Macau,7029.0
2025-06-01,144.598,144.34,21,Mongolia,5864.0
2025-06-01,144.598,144.34,21,The rest of Asia,27424.0
2025-06-01,144.598,144.34,21,United Kingdom,33525.0
2025-06-01,144.598,144.34,21,France,27105.0
2025-06-01,144.598,144.34,21,Germany,23912.0
2025-06-01,144.598,144.34,21,Italy,20126.0
2025-06-01,144.598,144.34,21,Spain,18160.0
2025-06-01,144.598,144.34,21,Russia,11947.0
2025-06-01,144.598,144.34,21,Netherlands,6951.0
2025-06-01,144.598,144.34,21,Switzerland,5146.0
2025-06-01,144.598,144.34,21,Belgium,3758.0
2025-06-01,144.598,144.34,21,Poland,6775.0
2025-06-01,144.598,144.34,21,Austria,2952.0
2025-06-01,144.598,144.34,21,Portugal,4205.0
2025-06-01,144.598,144.34,21,Ireland,3782.0
2025-06-01,144.598,144.34,21,The rest of Europe,17846.0
2025-06-01,144.598,144.34,21,Africa,5837.0
2025-06-01,144.598,144.34,21,United States,345150.0
2025-06-01,144.598,144.34,21,Canada,41588.0
2025-06-01,144.598,144.34,21,Mexico,13242.0
2025-06-01,144.598,144.34,21,The rest of NA,1992.0
2025-06-01,144.598,144.34,21,Brazil,7087.0
2025-06-01,144.598,144.34,21,The rest of SA,6240.0
2025-06-01,144.598,144.34,21,Australia,59422.0
2025-06-01,144.598,144.34,21,New Zealand,9783.0
2025-06-01,144.598,144.34,21,The rest of Oceania,610.0
2025-06-01,144.598,144.34,21,Stateless,69.0
2025-07-01,146.91,149.85,23,South Korea,678566.0
2025-07-01,146.91,149.85,23,China,974564.0
2025-07-01,146.91,149.85,23,Taiwan,604177.0
2025-07-01,146.91,149.85,23,Hong Kong,176019.0
2025-07-01,146.91,149.85,23,Thailand,48553.0
2025-07-01,146.91,149.85,23,Singapore,24304.0
2025-07-01,146.91,149.85,23,Malaysia,18112.0
2025-07-01,146.91,149.85,23,Indonesia,37612.0
2025-07-01,146.91,149.85,23,Philippines,47366.0
2025-07-01,146.91,149.85,23,Vietnam,53538.0
2025-07-01,146.91,149.85,23,India,18297.0
2025-07-01,146.91,149.85,23,Macau,12436.0
2025-07-01,146.91,149.85,23,Mongolia,4210.0
2025-07-01,146.91,149.85,23,The rest of Asia,27630.0
2025-07-01,146.91,149.85,23,United Kingdom,37098.0
2025-07-01,146.91,149.85,23,France,46196.0
2025-07-01,146.91,149.85,23,Germany,28087.0
2025-07-01,146.91,149.85,23,Italy,21833.0
2025-07-01,146.91,149.85,23,Spain,24056.0
2025-07-01,146.91,149.85,23,Russia,11266.0
2025-07-01,146.91,149.85,23,Netherlands,16337.0
2025-07-01,146.91,149.85,23,Switzerland,10030.0
2025-07-01,146.91,149.85,23,Belgium,7836.0
2025-07-01,146.91,149.85,23,Poland,7393.0
2025-07-01,146.91,149.85,23,Austria,5650.0
2025-07-01,146.91,149.85,23,Portugal,4131.0
2025-07-01,146.91,149.85,23,Ireland,3320.0
2025-07-01,146.91,149.85,23,The rest of Europe,18255.0
2025-07-01,146.91,149.85,23,Africa,6109.0
2025-07-01,146.91,149.85,23,United States,277080.0
2025-07-01,146.91,149.85,23,Canada,52087.0
2025-07-01,146.91,149.85,23,Mexico,19778.0
2025-07-01,146.91,149.85,23,The rest of NA,2148.0
2025-07-01,146.91,149.85,23,Brazil,8997.0
2025-07-01,146.91,149.85,23,The rest of SA,6596.0
2025-07-01,146.91,149.85,23,Australia,50174.0
2025-07-01,146.91,149.85,23,New Zealand,7316.0
2025-07-01,146.91,149.85,23,The rest of Oceania,817.0
2025-07-01,146.91,149.85,23,Stateless,52.0
2025-08-01,147.698,147.3,21,South Korea,660917.0
2025-08-01,147.698,147.3,21,China,1018747.0
2025-08-01,147.698,147.3,21,Taiwan,620753.0
2025-08-01,147.698,147.3,21,Hong Kong,226069.0
2025-08-01,147.698,147.3,21,Thailand,35499.0
2025-08-01,147.698,147.3,21,Singapore,20512.0
2025-08-01,147.698,147.3,21,Malaysia,21143.0
2025-08-01,147.698,147.3,21,Indonesia,31419.0
2025-08-01,147.698,147.3,21,Philippines,44209.0
2025-08-01,147.698,147.3,21,Vietnam,61215.0
2025-08-01,147.698,147.3,21,India,18620.0
2025-08-01,147.698,147.3,21,Macau,17880.0
2025-08-01,147.698,147.3,21,Mongolia,5907.0
2025-08-01,147.698,147.3,21,The rest of Asia,28512.0
2025-08-01,147.698,147.3,21,United Kingdom,36690.0
2025-08-01,147.698,147.3,21,France,37185.0
2025-08-01,147.698,147.3,21,Germany,35677.0
2025-08-01,147.698,147.3,21,Italy,41098.0
2025-08-01,147.698,147.3,21,Spain,31990.0
2025-08-01,147.698,147.3,21,Russia,13044.0
2025-08-01,147.698,147.3,21,Netherlands,9266.0
2025-08-01,147.698,147.3,21,Switzerland,5459.0
2025-08-01,147.698,147.3,21,Belgium,4518.0
2025-08-01,147.698,147.3,21,Poland,8197.0
2025-08-01,147.698,147.3,21,Austria,4464.0
2025-08-01,147.698,147.3,21,Portugal,5893.0
2025-08-01,147.698,147.3,21,Ireland,2736.0
2025-08-01,147.698,147.3,21,The rest of Europe,21220.0
2025-08-01,147.698,147.3,21,Africa,9914.0
2025-08-01,147.698,147.3,21,United States,194525.0
2025-08-01,147.698,147.3,21,Canada,51513.0
2025-08-01,147.698,147.3,21,Mexico,13575.0
2025-08-01,147.698,147.3,21,The rest of NA,2171.0
2025-08-01,147.698,147.3,21,Brazil,5483.0
2025-08-01,147.698,147.3,21,The rest of SA,6048.0
2025-08-01,147.698,147.3,21,Australia,41250.0
2025-08-01,147.698,147.3,21,New Zealand,6946.0
2025-08-01,147.698,147.3,21,The rest of Oceania,682.0
2025-08-01,147.698,147.3,21,Stateless,55.0
2025-09-01,147.926,147.99,22,South Korea,670563.0
2025-09-01,147.926,147.99,22,China,775657.0
2025-09-01,147.926,147.99,22,Taiwan,526982.0
2025-09-01,147.926,147.99,22,Hong Kong,149472.0
2025-09-01,147.926,147.99,22,Thailand,51283.0
2025-09-01,147.926,147.99,22,Singapore,40495.0
2025-09-01,147.926,147.99,22,Malaysia,43826.0
2025-09-01,147.926,147.99,22,Indonesia,44072.0
2025-09-01,147.926,147.99,22,Philippines,51615.0
2025-09-01,147.926,147.99,22,Vietnam,50419.0
2025-09-01,147.926,147.99,22,India,25401.0
2025-09-01,147.926,147.99,22,Macau,6533.0
2025-09-01,147.926,147.99,22,Mongolia,5406.0
2025-09-01,147.926,147.99,22,The rest of Asia,31222.0
2025-09-01,147.926,147.99,22,United Kingdom,47114.0
2025-09-01,147.926,147.99,22,France,38825.0
2025-09-01,147.926,147.99,22,Germany,52819.0
2025-09-01,147.926,147.99,22,Italy,28916.0
2025-09-01,147.926,147.99,22,Spain,24700.0
2025-09-01,147.926,147.99,22,Russia,21174.0
2025-09-01,147.926,147.99,22,Netherlands,14193.0
2025-09-01,147.926,147.99,22,Switzerland,9753.0
2025-09-01,147.926,147.99,22,Belgium,8032.0
2025-09-01,147.926,147.99,22,Poland,13457.0
2025-09-01,147.926,147.99,22,Austria,5942.0
2025-09-01,147.926,147.99,22,Portugal,5447.0
2025-09-01,147.926,147.99,22,Ireland,4523.0
2025-09-01,147.926,147.99,22,The rest of Europe,28069.0
2025-09-01,147.926,147.99,22,Africa,8033.0
2025-09-01,147.926,147.99,22,United States,224793.0
2025-09-01,147.926,147.99,22,Canada,55654.0
2025-09-01,147.926,147.99,22,Mexico,19735.0
2025-09-01,147.926,147.99,22,The rest of NA,3987.0
2025-09-01,147.926,147.99,22,Brazil,9097.0
2025-09-01,147.926,147.99,22,The rest of SA,11061.0
2025-09-01,147.926,147.99,22,Australia,96610.0
2025-09-01,147.926,147.99,22,New Zealand,14496.0
2025-09-01,147.926,147.99,22,The rest of Oceania,744.0
2025-09-01,147.926,147.99,22,Stateless,45.0
2025-10-01,151.467,154.18,23,South Korea,867261.0
2025-10-01,151.467,154.18,23,China,715804.0
2025-10-01,151.467,154.18,23,Taiwan,595915.0
2025-10-01,151.467,154.18,23,Hong Kong,196017.0
2025-10-01,151.467,154.18,23,Thailand,125894.0
2025-10-01,151.467,154.18,23,Singapore,65745.0
2025-10-01,151.467,154.18,23,Malaysia,57790.0
2025-10-01,151.467,154.18,23,Indonesia,53387.0
2025-10-01,151.467,154.18,23,Philippines,86150.0
2025-10-01,151.467,154.18,23,Vietnam,53238.0
2025-10-01,151.467,154.18,23,India,29418.0
2025-10-01,151.467,154.18,23,Macau,7937.0
2025-10-01,151.467,154.18,23,Mongolia,5074.0
2025-10-01,151.467,154.18,23,The rest of Asia,41643.0
2025-10-01,151.467,154.18,23,United Kingdom,63343.0
2025-10-01,151.467,154.18,23,France,58242.0
2025-10-01,151.467,154.18,23,Germany,56020.0
2025-10-01,151.467,154.18,23,Italy,29425.0
2025-10-01,151.467,154.18,23,Spain,28749.0
2025-10-01,151.467,154.18,23,Russia,30053.0
2025-10-01,151.467,154.18,23,Netherlands,16166.0
2025-10-01,151.467,154.18,23,Switzerland,12294.0
2025-10-01,151.467,154.18,23,Belgium,7880.0
2025-10-01,151.467,154.18,23,Poland,10405.0
2025-10-01,151.467,154.18,23,Austria,5872.0
2025-10-01,151.467,154.18,23,Portugal,6016.0
2025-10-01,151.467,154.18,23,Ireland,5200.0
2025-10-01,151.467,154.18,23,The rest of Europe,31869.0
2025-10-01,151.467,154.18,23,Africa,7098.0
2025-10-01,151.467,154.18,23,United States,335744.0
2025-10-01,151.467,154.18,23,Canada,73667.0
2025-10-01,151.467,154.18,23,Mexico,24764.0
2025-10-01,151.467,154.18,23,The rest of NA,4197.0
2025-10-01,151.467,154.18,23,Brazil,12364.0
2025-10-01,151.467,154.18,23,The rest of SA,13502.0
2025-10-01,151.467,154.18,23,Australia,96158.0
2025-10-01,151.467,154.18,23,New Zealand,13738.0
2025-10-01,151.467,154.18,23,The rest of Oceania,619.0
2025-10-01,151.467,154.18,23,Stateless,56.0
2025-11-01,155.114,156.12,20,South Korea,824567.0
2025-11-01,155.114,156.12,20,China,562184.0
2025-11-01,155.114,156.12,20,Taiwan,542389.0
2025-11-01,155.114,156.12,20,Hong Kong,207633.0
2025-11-01,155.114,156.12,20,Thailand,117396.0
2025-11-01,155.114,156.12,20,Singapore,89393.0
2025-11-01,155.114,156.12,20,Malaysia,71161.0
2025-11-01,155.114,156.12,20,Indonesia,56432.0
2025-11-01,155.114,156.12,20,Philippines,92011.0
2025-11-01,155.114,156.12,20,Vietnam,51850.0
2025-11-01,155.114,156.12,20,India,28946.0
2025-11-01,155.114,156.12,20,Macau,9798.0
2025-11-01,155.114,156.12,20,Mongolia,4935.0
2025-11-01,155.114,156.12,20,The rest of Asia,31755.0
2025-11-01,155.114,156.12,20,United Kingdom,45123.0
2025-11-01,155.114,156.12,20,France,41392.0
2025-11-01,155.114,156.12,20,Germany,33687.0
2025-11-01,155.114,156.12,20,Italy,30375.0
2025-11-01,155.114,156.12,20,Spain,24213.0
2025-11-01,155.114,156.12,20,Russia,27397.0
2025-11-01,155.114,156.12,20,Netherlands,10098.0
2025-11-01,155.114,156.12,20,Switzerland,6235.0
2025-11-01,155.114,156.12,20,Belgium,4884.0
2025-11-01,155.114,156.12,20,Poland,9431.0
2025-11-01,155.114,156.12,20,Austria,3560.0
2025-11-01,155.114,156.12,20,Portugal,4942.0
2025-11-01,155.114,156.12,20,Ireland,3791.0
2025-11-01,155.114,156.12,20,The rest of Europe,25686.0
2025-11-01,155.114,156.12,20,Africa,6169.0
2025-11-01,155.114,156.12,20,United States,302547.0
2025-11-01,155.114,156.12,20,Canada,62493.0
2025-11-01,155.114,156.12,20,Mexico,20728.0
2025-11-01,155.114,156.12,20,The rest of NA,3476.0
2025-11-01,155.114,156.12,20,Brazil,9726.0
2025-11-01,155.114,156.12,20,The rest of SA,10179.0
2025-11-01,155.114,156.12,20,Australia,85631.0
2025-11-01,155.114,156.12,20,New Zealand,10978.0
2025-11-01,155.114,156.12,20,The rest of Oceania,626.0
2025-11-01,155.114,156.12,20,Stateless,64.0
2025-12-01,155.864,156.67,21,South Korea,974239.0
2025-12-01,155.864,156.67,21,China,330435.0
2025-12-01,155.864,156.67,21,Taiwan,588409.0
2025-12-01,155.864,156.67,21,Hong Kong,291133.0
2025-12-01,155.864,156.67,21,Thailand,174009.0
2025-12-01,155.864,156.67,21,Singapore,140646.0
2025-12-01,155.864,156.67,21,Malaysia,100582.0
2025-12-01,155.864,156.67,21,Indonesia,81678.0
2025-12-01,155.864,156.67,21,Philippines,115557.0
2025-12-01,155.864,156.67,21,Vietnam,43696.0
2025-12-01,155.864,156.67,21,India,23254.0
2025-12-01,155.864,156.67,21,Macau,15565.0
2025-12-01,155.864,156.67,21,Mongolia,5715.0
2025-12-01,155.864,156.67,21,The rest of Asia,29305.0
2025-12-01,155.864,156.67,21,United Kingdom,34594.0
2025-12-01,155.864,156.67,21,France,25995.0
2025-12-01,155.864,156.67,21,Germany,20377.0
2025-12-01,155.864,156.67,21,Italy,21713.0
2025-12-01,155.864,156.67,21,Spain,13607.0
2025-12-01,155.864,156.67,21,Russia,8283.0
2025-12-01,155.864,156.67,21,Netherlands,6958.0
2025-12-01,155.864,156.67,21,Switzerland,4656.0
2025-12-01,155.864,156.67,21,Belgium,2497.0
2025-12-01,155.864,156.67,21,Poland,3167.0
2025-12-01,155.864,156.67,21,Austria,2253.0
2025-12-01,155.864,156.67,21,Portugal,3922.0
2025-12-01,155.864,156.67,21,Ireland,2601.0
2025-12-01,155.864,156.67,21,The rest of Europe,13988.0
2025-12-01,155.864,156.67,21,Africa,6158.0
2025-12-01,155.864,156.67,21,United States,270704.0
2025-12-01,155.864,156.67,21,Canada,57203.0
2025-12-01,155.864,156.67,21,Mexico,16972.0
2025-12-01,155.864,156.67,21,The rest of NA,2185.0
2025-12-01,155.864,156.67,21,Brazil,12830.0
2025-12-01,155.864,156.67,21,The rest of SA,6323.0
2025-12-01,155.864,156.67,21,Australia,121329.0
2025-12-01,155.864,156.67,21,New Zealand,13809.0
2025-12-01,155.864,156.67,21,The rest of Oceania,674.0
2025-12-01,155.864,156.67,21,Stateless,56.0
2026-01-01,156.718,154.03,21,South Korea,1176089.0
2026-01-01,156.718,154.03,21,China,385519.0
2026-01-01,156.718,154.03,21,Taiwan,694551.0
2026-01-01,156.718,154.03,21,Hong Kong,200048.0
2026-01-01,156.718,154.03,21,Thailand,115100.0
2026-01-01,156.718,154.03,21,Singapore,48476.0
2026-01-01,156.718,154.03,21,Malaysia,72477.0
2026-01-01,156.718,154.03,21,Indonesia,73999.0
2026-01-01,156.718,154.03,21,Philippines,79187.0
2026-01-01,156.718,154.03,21,Vietnam,52871.0
2026-01-01,156.718,154.03,21,India,18533.0
2026-01-01,156.718,154.03,21,Macau,7166.0
2026-01-01,156.718,154.03,21,Mongolia,6482.0
2026-01-01,156.718,154.03,21,The rest of Asia,30020.0
2026-01-01,156.718,154.03,21,United Kingdom,29535.0
2026-01-01,156.718,154.03,21,France,20648.0
2026-01-01,156.718,154.03,21,Germany,18327.0
2026-01-01,156.718,154.03,21,Italy,11964.0
2026-01-01,156.718,154.03,21,Spain,10078.0
2026-01-01,156.718,154.03,21,Russia,9802.0
2026-01-01,156.718,154.03,21,Netherlands,5407.0
2026-01-01,156.718,154.03,21,Switzerland,4178.0
2026-01-01,156.718,154.03,21,Belgium,2446.0
2026-01-01,156.718,154.03,21,Poland,3626.0
2026-01-01,156.718,154.03,21,Austria,2150.0
2026-01-01,156.718,154.03,21,Portugal,2620.0
2026-01-01,156.718,154.03,21,Ireland,2866.0
2026-01-01,156.718,154.03,21,The rest of Europe,11081.0
2026-01-01,156.718,154.03,21,Africa,4245.0
2026-01-01,156.718,154.03,21,United States,207784.0
2026-01-01,156.718,154.03,21,Canada,48040.0
2026-01-01,156.718,154.03,21,Mexico,15271.0
2026-01-01,156.718,154.03,21,The rest of NA,2168.0
2026-01-01,156.718,154.03,21,Brazil,11313.0
2026-01-01,156.718,154.03,21,The rest of SA,8758.0
2026-01-01,156.718,154.03,21,Australia,160750.0
2026-01-01,156.718,154.03,21,New Zealand,14372.0
2026-01-01,156.718,154.03,21,The rest of Oceania,551.0
2026-01-01,156.718,154.03,21,Stateless,50.0
2026-02-01,155.155,155.98,20,South Korea,1086381.0
2026-02-01,155.155,155.98,20,China,396511.0
2026-02-01,155.155,155.98,20,Taiwan,693620.0
2026-02-01,155.155,155.98,20,Hong Kong,233940.0
2026-02-01,155.155,155.98,20,Thailand,116955.0
2026-02-01,155.155,155.98,20,Singapore,51288.0
2026-02-01,155.155,155.98,20,Malaysia,59744.0
2026-02-01,155.155,155.98,20,Indonesia,51198.0
2026-02-01,155.155,155.98,20,Philippines,71697.0
2026-02-01,155.155,155.98,20,Vietnam,61079.0
2026-02-01,155.155,155.98,20,India,15859.0
2026-02-01,155.155,155.98,20,Macau,9963.0
2026-02-01,155.155,155.98,20,Mongolia,4024.0
2026-02-01,155.155,155.98,20,The rest of Asia,23622.0
2026-02-01,155.155,155.98,20,United Kingdom,35616.0
2026-02-01,155.155,155.98,20,France,30563.0
2026-02-01,155.155,155.98,20,Germany,21932.0
2026-02-01,155.155,155.98,20,Italy,12212.0
2026-02-01,155.155,155.98,20,Spain,10235.0
2026-02-01,155.155,155.98,20,Russia,7696.0
2026-02-01,155.155,155.98,20,Netherlands,6530.0
2026-02-01,155.155,155.98,20,Switzerland,4861.0
2026-02-01,155.155,155.98,20,Belgium,3168.0
2026-02-01,155.155,155.98,20,Poland,4503.0
2026-02-01,155.155,155.98,20,Austria,2685.0
2026-02-01,155.155,155.98,20,Portugal,3148.0
2026-02-01,155.155,155.98,20,Ireland,3723.0
2026-02-01,155.155,155.98,20,The rest of Europe,12536.0
2026-02-01,155.155,155.98,20,Africa,3255.0
2026-02-01,155.155,155.98,20,United States,219741.0
2026-02-01,155.155,155.98,20,Canada,51308.0
2026-02-01,155.155,155.98,20,Mexico,15368.0
2026-02-01,155.155,155.98,20,The rest of NA,2294.0
2026-02-01,155.155,155.98,20,Brazil,9308.0
2026-02-01,155.155,155.98,20,The rest of SA,10297.0
2026-02-01,155.155,155.98,20,Australia,86971.0
2026-02-01,155.155,155.98,20,New Zealand,8885.0
2026-02-01,155.155,155.98,20,The rest of Oceania,452.0
2026-02-01,155.155,155.98,20,Stateless,41.0
2026-03-01,158.675,159.5,22,South Korea,795612.0
2026-03-01,158.675,159.5,22,China,291686.0
2026-03-01,158.675,159.5,22,Taiwan,653346.0
2026-03-01,158.675,159.5,22,Hong Kong,216271.0
2026-03-01,158.675,159.5,22,Thailand,160861.0
2026-03-01,158.675,159.5,22,Singapore,70983.0
2026-03-01,158.675,159.5,22,Malaysia,76603.0
2026-03-01,158.675,159.5,22,Indonesia,82792.0
2026-03-01,158.675,159.5,22,Philippines,90122.0
2026-03-01,158.675,159.5,22,Vietnam,92051.0
2026-03-01,158.675,159.5,22,India,41438.0
2026-03-01,158.675,159.5,22,Macau,7687.0
2026-03-01,158.675,159.5,22,Mongolia,6149.0
2026-03-01,158.675,159.5,22,The rest of Asia,36146.0
2026-03-01,158.675,159.5,22,United Kingdom,70231.0
2026-03-01,158.675,159.5,22,France,40286.0
2026-03-01,158.675,159.5,22,Germany,58542.0
2026-03-01,158.675,159.5,22,Italy,31484.0
2026-03-01,158.675,159.5,22,Spain,24263.0
2026-03-01,158.675,159.5,22,Russia,23684.0
2026-03-01,158.675,159.5,22,Netherlands,13349.0
2026-03-01,158.675,159.5,22,Switzerland,8738.0
2026-03-01,158.675,159.5,22,Belgium,5237.0
2026-03-01,158.675,159.5,22,Poland,9313.0
2026-03-01,158.675,159.5,22,Austria,5250.0
2026-03-01,158.675,159.5,22,Portugal,5768.0
2026-03-01,158.675,159.5,22,Ireland,5616.0
2026-03-01,158.675,159.5,22,The rest of Europe,31755.0
2026-03-01,158.675,159.5,22,Africa,5342.0
2026-03-01,158.675,159.5,22,United States,375948.0
2026-03-01,158.675,159.5,22,Canada,79901.0
2026-03-01,158.675,159.5,22,Mexico,24756.0
2026-03-01,158.675,159.5,22,The rest of NA,3221.0
2026-03-01,158.675,159.5,22,Brazil,11629.0
2026-03-01,158.675,159.5,22,The rest of SA,13137.0
2026-03-01,158.675,159.5,22,Australia,96887.0
2026-03-01,158.675,159.5,22,New Zealand,11222.0
2026-03-01,158.675,159.5,22,The rest of Oceania,537.0
2026-03-01,158.675,159.5,22,Stateless,71.0
2026-04-01,159.064,156.56,20,South Korea,878579.0
2026-04-01,159.064,156.56,20,China,330776.0
2026-04-01,159.064,156.56,20,Taiwan,643477.0
2026-04-01,159.064,156.56,20,Hong Kong,225991.0
2026-04-01,159.064,156.56,20,Thailand,164841.0
2026-04-01,159.064,156.56,20,Singapore,62940.0
2026-04-01,159.064,156.56,20,Malaysia,60426.0
2026-04-01,159.064,156.56,20,Indonesia,62200.0
2026-04-01,159.064,156.56,20,Philippines,88422.0
2026-04-01,159.064,156.56,20,Vietnam,76029.0
2026-04-01,159.064,156.56,20,India,41866.0
2026-04-01,159.064,156.56,20,Macau,7632.0
2026-04-01,159.064,156.56,20,Mongolia,6154.0
2026-04-01,159.064,156.56,20,The rest of Asia,75924.0
2026-04-01,159.064,156.56,20,United Kingdom,59856.0
2026-04-01,159.064,156.56,20,France,59248.0
2026-04-01,159.064,156.56,20,Germany,48527.0
2026-04-01,159.064,156.56,20,Italy,29967.0
2026-04-01,159.064,156.56,20,Spain,19045.0
2026-04-01,159.064,156.56,20,Russia,25823.0
2026-04-01,159.064,156.56,20,Netherlands,21492.0
2026-04-01,159.064,156.56,20,Switzerland,13504.0
2026-04-01,159.064,156.56,20,Belgium,9062.0
2026-04-01,159.064,156.56,20,Poland,12249.0
2026-04-01,159.064,156.56,20,Austria,4815.0
2026-04-01,159.064,156.56,20,Portugal,5842.0
2026-04-01,159.064,156.56,20,Ireland,4273.0
2026-04-01,159.064,156.56,20,The rest of Europe,34800.0
2026-04-01,159.064,156.56,20,Africa,6412.0
2026-04-01,159.064,156.56,20,United States,330052.0
2026-04-01,159.064,156.56,20,Canada,70296.0
2026-04-01,159.064,156.56,20,Mexico,21185.0
2026-04-01,159.064,156.56,20,The rest of NA,3278.0
2026-04-01,159.064,156.56,20,Brazil,14662.0
2026-04-01,159.064,156.56,20,The rest of SA,12371.0
2026-04-01,159.064,156.56,20,Australia,102479.0
2026-04-01,159.064,156.56,20,New Zealand,15014.0
2026-04-01,159.064,156.56,20,The rest of Oceania,650.0
2026-04-01,159.064,156.56,20,Stateless,55.0
2026-05-01,158.239,159.27,20,South Korea,951328.0
2026-05-01,158.239,159.27,20,China,313123.0
2026-05-01,158.239,159.27,20,Taiwan,616804.0
2026-05-01,158.239,159.27,20,Hong Kong,207937.0
2026-05-01,158.239,159.27,20,Thailand,98756.0
2026-05-01,158.239,159.27,20,Singapore,76558.0
2026-05-01,158.239,159.27,20,Malaysia,72188.0
2026-05-01,158.239,159.27,20,Indonesia,56761.0
2026-05-01,158.239,159.27,20,Philippines,85036.0
2026-05-01,158.239,159.27,20,Vietnam,58058.0
2026-05-01,158.239,159.27,20,India,56551.0
2026-05-01,158.239,159.27,20,Macau,7670.0
2026-05-01,158.239,159.27,20,Mongolia,4989.0
2026-05-01,158.239,159.27,20,The rest of Asia,31113.0
2026-05-01,158.239,159.27,20,United Kingdom,55243.0
2026-05-01,158.239,159.27,20,France,48491.0
2026-05-01,158.239,159.27,20,Germany,50224.0
2026-05-01,158.239,159.27,20,Italy,28056.0
2026-05-01,158.239,159.27,20,Spain,21946.0
2026-05-01,158.239,159.27,20,Russia,24650.0
2026-05-01,158.239,159.27,20,Netherlands,15691.0
2026-05-01,158.239,159.27,20,Switzerland,8784.0
2026-05-01,158.239,159.27,20,Belgium,6258.0
2026-05-01,158.239,159.27,20,Poland,11918.0
2026-05-01,158.239,159.27,20,Austria,5325.0
2026-05-01,158.239,159.27,20,Portugal,5652.0
2026-05-01,158.239,159.27,20,Ireland,4924.0
2026-05-01,158.239,159.27,20,The rest of Europe,27072.0
2026-05-01,158.239,159.27,20,Africa,6127.0
2026-05-01,158.239,159.27,20,United States,333696.0
2026-05-01,158.239,159.27,20,Canada,69426.0
2026-05-01,158.239,159.27,20,Mexico,19702.0
2026-05-01,158.239,159.27,20,The rest of NA,2569.0
2026-05-01,158.239,159.27,20,Brazil,12407.0
2026-05-01,158.239,159.27,20,The rest of SA,13060.0
2026-05-01,158.239,159.27,20,Australia,82274.0
2026-05-01,158.239,159.27,20,New Zealand,12848.0
2026-05-01,158.239,159.27,20,The rest of Oceania,567.0
2026-05-01,158.239,159.27,20,Stateless,56.0
2026-06-01,160.725,162.44,22,South Korea,787100.0
2026-06-01,160.725,162.44,22,China,340700.0
2026-06-01,160.725,162.44,22,Taiwan,670400.0
2026-06-01,160.725,162.44,22,Hong Kong,214300.0
2026-06-01,160.725,162.44,22,Thailand,48000.0
2026-06-01,160.725,162.44,22,Singapore,68400.0
2026-06-01,160.725,162.44,22,Malaysia,29900.0
2026-06-01,160.725,162.44,22,Indonesia,52700.0
2026-06-01,160.725,162.44,22,Philippines,59900.0
2026-06-01,160.725,162.44,22,Vietnam,56500.0
2026-06-01,160.725,162.44,22,India,36100.0
2026-06-01,160.725,162.44,22,Macau,
2026-06-01,160.725,162.44,22,Mongolia,
2026-06-01,160.725,162.44,22,The rest of Asia,
2026-06-01,160.725,162.44,22,United Kingdom,36200.0
2026-06-01,160.725,162.44,22,France,28100.0
2026-06-01,160.725,162.44,22,Germany,20500.0
2026-06-01,160.725,162.44,22,Italy,21500.0
2026-06-01,160.725,162.44,22,Spain,20500.0
2026-06-01,160.725,162.44,22,Russia,12800.0
2026-06-01,160.725,162.44,22,Netherlands,
2026-06-01,160.725,162.44,22,Switzerland,
2026-06-01,160.725,162.44,22,Belgium,
2026-06-01,160.725,162.44,22,Poland,
2026-06-01,160.725,162.44,22,Austria,
2026-06-01,160.725,162.44,22,Portugal,
2026-06-01,160.725,162.44,22,Ireland,
2026-06-01,160.725,162.44,22,The rest of Europe,
2026-06-01,160.725,162.44,22,Africa,
2026-06-01,160.725,162.44,22,United States,354500.0
2026-06-01,160.725,162.44,22,Canada,44000.0
2026-06-01,160.725,162.44,22,Mexico,13300.0
2026-06-01,160.725,162.44,22,The rest of NA,
2026-06-01,160.725,162.44,22,Brazil,
2026-06-01,160.725,162.44,22,The rest of SA,
2026-06-01,160.725,162.44,22,Australia,63900.0
2026-06-01,160.725,162.44,22,New Zealand,
2026-06-01,160.725,162.44,22,The rest of Oceania,
2026-06-01,160.725,162.44,22,Stateless,
2026-07-01,162.506,160.24,23,South Korea,894700.0
2026-07-01,162.506,160.24,23,China,428200.0
2026-07-01,162.506,160.24,23,Taiwan,763800.0
2026-07-01,162.506,160.24,23,Hong Kong,272500.0
2026-07-01,162.506,160.24,23,Thailand,53800.0
2026-07-01,162.506,160.24,23,Singapore,28800.0
2026-07-01,162.506,160.24,23,Malaysia,23800.0
2026-07-01,162.506,160.24,23,Indonesia,39000.0
2026-07-01,162.506,160.24,23,Philippines,45100.0
2026-07-01,162.506,160.24,23,Vietnam,52100.0
2026-07-01,162.506,160.24,23,India,20300.0
2026-07-01,162.506,160.24,23,Macau,
2026-07-01,162.506,160.24,23,Mongolia,
2026-07-01,162.506,160.24,23,The rest of Asia,
2026-07-01,162.506,160.24,23,United Kingdom,41500.0
2026-07-01,162.506,160.24,23,France,50700.0
2026-07-01,162.506,160.24,23,Germany,29800.0
2026-07-01,162.506,160.24,23,Italy,25300.0
2026-07-01,162.506,160.24,23,Spain,27900.0
2026-07-01,162.506,160.24,23,Russia,13000.0
2026-07-01,162.506,160.24,23,Netherlands,
2026-07-01,162.506,160.24,23,Switzerland,
2026-07-01,162.506,160.24,23,Belgium,
2026-07-01,162.506,160.24,23,Poland,
2026-07-01,162.506,160.24,23,Austria,
2026-07-01,162.506,160.24,23,Portugal,
2026-07-01,162.506,160.24,23,Ireland,
2026-07-01,162.506,160.24,23,The rest of Europe,
2026-07-01,162.506,160.24,23,Africa,
2026-07-01,162.506,160.24,23,United States,286200.0
2026-07-01,162.506,160.24,23,Canada,56000.0
2026-07-01,162.506,160.24,23,Mexico,23100.0
2026-07-01,162.506,160.24,23,The rest of NA,
2026-07-01,162.506,160.24,23,Brazil,
2026-07-01,162.506,160.24,23,The rest of SA,
2026-07-01,162.506,160.24,23,Australia,49800.0
2026-07-01,162.506,160.24,23,New Zealand,
2026-07-01,162.506,160.24,23,The rest of Oceania,
2026-07-01,162.506,160.24,23,Stateless,
